"index","name_occup_de","class_1","class_2","class_3","class_4"
"0","Angehörige der regulären Streitkräfte","0",NA,NA,NA
"01","Offiziere in regulären Streitkräften","0","01",NA,NA
"011","Offiziere in regulären Streitkräften","0","01","011",NA
"0110","Offiziere in regulären Streitkräften","0","01","011","0110"
"02","Unteroffiziere in regulären Streitkräften","0","02",NA,NA
"021","Unteroffiziere in regulären Streitkräften","0","02","021",NA
"0210","Unteroffiziere in regulären Streitkräften","0","02","021","0210"
"03","Angehörige der regulären Streitkräfte in sonstigen Rängen","0","03",NA,NA
"031","Angehörige der regulären Streitkräfte in sonstigen Rängen","0","03","031",NA
"0310","Angehörige der regulären Streitkräfte in sonstigen Rängen","0","03","031","0310"
"1","Führungskräfte","1",NA,NA,NA
"10","Führungskräfte, onA","1","10",NA,NA
"100","Führungskräfte, onA","1","10","100",NA
"1000","Führungskräfte, onA","1","10","100","1000"
"11","Geschäftsführer, Vorstände, leitende Verwaltungsbedienstete und Angehörige gesetzgebender Körperschaften","1","11",NA,NA
"110","Geschäftsführer, Vorstände, leitende Verwaltungsbedienstete und Angehörige gesetzgebender Körperschaften, onA","1","11","110",NA
"1100","Geschäftsführer, Vorstände, leitende Verwaltungsbedienstete und Angehörige gesetzgebender Körperschaften, onA","1","11","110","1100"
"111","Angehörige gesetzgebender Körperschaften und leitende Verwaltungsbedienstete","1","11","111",NA
"1110","Angehörige gesetzgebender Körperschaften und leitende Verwaltungsbedienstete, onA","1","11","111","1110"
"1111","Angehörige gesetzgebender Körperschaften","1","11","111","1111"
"1112","Leitende Verwaltungsbedienstete","1","11","111","1112"
"1113","Traditionelle Dorf- und Stammeshäuptlinge","1","11","111","1113"
"1114","Leitende Bedienstete von Interessenorganisationen","1","11","111","1114"
"112","Geschäftsführer und Vorstände","1","11","112",NA
"1120","Geschäftsführer und Vorstände","1","11","112","1120"
"12","Führungskräfte im kaufmännischen Bereich","1","12",NA,NA
"120","Führungskräfte im kaufmännischen Bereich, onA","1","12","120",NA
"1200","Führungskräfte im kaufmännischen Bereich, onA","1","12","120","1200"
"121","Führungskräfte in der betrieblichen Verwaltung und in unternehmensbezogenen Dienstleistungen","1","12","121",NA
"1210","Führungskräfte in der betrieblichen Verwaltung und in unternehmensbezogenen Dienstleistungen, onA","1","12","121","1210"
"1211","Führungskräfte im Bereich Finanzen","1","12","121","1211"
"1212","Führungskräfte im Personalwesen","1","12","121","1212"
"1213","Führungskräfte in Unternehmenspolitik und -planung","1","12","121","1213"
"1219","Führungskräfte in der betrieblichen Verwaltung und in unternehmensbezogenen Dienstleistungen, anderweitig nicht genannt","1","12","121","1219"
"122","Führungskräfte in Vertrieb, Marketing und Entwicklung","1","12","122",NA
"1220","Führungskräfte in Vertrieb, Marketing und Entwicklung, onA","1","12","122","1220"
"1221","Führungskräfte in Vertrieb und Marketing","1","12","122","1221"
"1222","Führungskräfte in Werbung und Öffentlichkeitsarbeit","1","12","122","1222"
"1223","Führungskräfte in Forschung und Entwicklung","1","12","122","1223"
"13","Führungskräfte in der Produktion und bei speziellen Dienstleistungen","1","13",NA,NA
"130","Führungskräfte in der Produktion und bei speziellen Dienstleistungen, onA","1","13","130",NA
"1300","Führungskräfte in der Produktion und bei speziellen Dienstleistungen, onA","1","13","130","1300"
"131","Führungskräfte in der Produktion in Land- und Forstwirtschaft und Fischerei","1","13","131",NA
"1310","Führungskräfte in der Produktion in Land- und Forstwirtschaft und Fischerei, onA","1","13","131","1310"
"1311","Führungskräfte in der Produktion in Land- und Forstwirtschaft","1","13","131","1311"
"1312","Führungskräfte in der Produktion in Aquakultur und Fischerei","1","13","131","1312"
"132","Führungskräfte in der Produktion bei der Herstellung von Waren, im Bergbau und im Bau sowie in der Logistik","1","13","132",NA
"1320","Führungskräfte in der Produktion bei der Herstellung von Waren, im Bergbau und im Bau sowie in der Logistik, onA","1","13","132","1320"
"1321","Führungskräfte in der Produktion bei der Herstellung von Waren","1","13","132","1321"
"1322","Führungskräfte in der Produktion im Bergbau","1","13","132","1322"
"1323","Führungskräfte in der Produktion im Bau","1","13","132","1323"
"1324","Führungskräfte in der Beschaffung, Logistik und in verwandten Bereichen","1","13","132","1324"
"133","Führungskräfte in der Erbringung von Dienstleistungen im Bereich Informations- und Kommunikationstechnologie","1","13","133",NA
"1330","Führungskräfte in der Erbringung von Dienstleistungen im Bereich Informations- und Kommunikationstechnologie","1","13","133","1330"
"134","Führungskräfte in der Erbringung von speziellen Dienstleistungen","1","13","134",NA
"1340","Führungskräfte in der Erbringung von speziellen Dienstleistungen, onA","1","13","134","1340"
"1341","Führungskräfte in der Erbringung von Dienstleistungen der Kinderbetreuung","1","13","134","1341"
"1342","Führungskräfte in der Erbringung von Dienstleistungen im Gesundheitswesen","1","13","134","1342"
"1343","Führungskräfte in der Erbringung von Dienstleistungen der Altenbetreuung","1","13","134","1343"
"1344","Führungskräfte in der Erbringung von Dienstleistungen der Sozialfürsorge","1","13","134","1344"
"1345","Führungskräfte in der Erbringung von Dienstleistungen des Bildungswesens","1","13","134","1345"
"1346","Führungskräfte auf Filialebene in der Erbringung von Finanz- und Versicherungsdienstleistungen","1","13","134","1346"
"1349","Führungskräfte in der Erbringung von speziellen Dienstleistungen, anderweitig nicht genannt","1","13","134","1349"
"14","Führungskräfte in Hotels und Restaurants, im Handel und in der Erbringung sonstiger Dienstleistungen","1","14",NA,NA
"140","Führungskräfte in Hotels und Restaurants, im Handel und in der Erbringung sonstiger Dienstleistungen, onA","1","14","140",NA
"1400","Führungskräfte in Hotels und Restaurants, im Handel und in der Erbringung sonstiger Dienstleistungen, onA","1","14","140","1400"
"141","Führungskräfte in Hotels und Restaurants","1","14","141",NA
"1410","Führungskräfte in Hotels und Restaurants, onA","1","14","141","1410"
"1411","Führungskräfte in Hotels","1","14","141","1411"
"1412","Führungskräfte in Restaurants","1","14","141","1412"
"142","Führungskräfte in Gross- und Einzelhandel","1","14","142",NA
"1420","Führungskräfte in Gross- und Einzelhandel","1","14","142","1420"
"143","Führungskräfte in der Erbringung sonstiger Dienstleistungen","1","14","143",NA
"1430","Führungskräfte in der Erbringung sonstiger Dienstleistungen, onA","1","14","143","1430"
"1431","Führungskräfte in der Erbringung von Dienstleistungen im Bereich Sport, Erholung und Kultur","1","14","143","1431"
"1439","Führungskräfte in der Erbringung von Dienstleistungen, anderweitig nicht genannt","1","14","143","1439"
"2","Akademische Berufe","2",NA,NA,NA
"20","Akademische Berufe, onA","2","20",NA,NA
"200","Akademische Berufe, onA","2","20","200",NA
"2000","Akademische Berufe, onA","2","20","200","2000"
"21","Naturwissenschaftler, Mathematiker und Ingenieure","2","21",NA,NA
"210","Naturwissenschaftler, Mathematiker und Ingenieure, onA","2","21","210",NA
"2100","Naturwissenschaftler, Mathematiker und Ingenieure, onA","2","21","210","2100"
"211","Physiker, Chemiker, Geologen und verwandte Berufe","2","21","211",NA
"2110","Physiker, Chemiker, Geologen und verwandte Berufe, onA","2","21","211","2110"
"2111","Physiker und Astronomen","2","21","211","2111"
"2112","Meteorologen","2","21","211","2112"
"2113","Chemiker","2","21","211","2113"
"2114","Geologen und Geophysiker","2","21","211","2114"
"212","Mathematiker, Versicherungsmathematiker und Statistiker","2","21","212",NA
"2120","Mathematiker, Versicherungsmathematiker und Statistiker","2","21","212","2120"
"213","Biowissenschaftler","2","21","213",NA
"2130","Biowissenschaftler, onA","2","21","213","2130"
"2131","Biologen, Botaniker, Zoologen und verwandte Berufe","2","21","213","2131"
"2132","Agrar-, Forst- und Fischereiwissenschaftler und -berater","2","21","213","2132"
"2133","Umweltwissenschaftler","2","21","213","2133"
"214","Ingenieurwissenschaftler (ohne Elektrotechnik, Elektronik und Telekommunikation)","2","21","214",NA
"2140","Ingenieurwissenschaftler (ohne Elektrotechnik, Elektronik und Telekommunikation), onA","2","21","214","2140"
"2141","Wirtschafts- und Produktionsingenieure","2","21","214","2141"
"2142","Bauingenieure","2","21","214","2142"
"2143","Umweltschutzingenieure","2","21","214","2143"
"2144","Maschinenbauingenieure","2","21","214","2144"
"2145","Chemieingenieure","2","21","214","2145"
"2146","Bergbauingenieure, Metallurgen und verwandte Berufe","2","21","214","2146"
"2149","Ingenieure, anderweitig nicht genannt","2","21","214","2149"
"215","Ingenieure in den Bereichen Elektrotechnik, Elektronik und Telekommunikationstechnik","2","21","215",NA
"2150","Ingenieure in den Bereichen Elektrotechnik, Elektronik und Telekommunikationstechnik, onA","2","21","215","2150"
"2151","Ingenieure im Bereich Elektrotechnik","2","21","215","2151"
"2152","Ingenieure im Bereich Elektronik","2","21","215","2152"
"2153","Ingenieure im Bereich Telekommunikationstechnik","2","21","215","2153"
"216","Architekten, Raum-, Stadt- und Verkehrsplaner, Vermessungsingenieure und Designer","2","21","216",NA
"2160","Architekten, Raum-, Stadt- und Verkehrsplaner, Vermessungsingenieure und Designer, onA","2","21","216","2160"
"2161","Architekten","2","21","216","2161"
"2162","Landschaftsarchitekten","2","21","216","2162"
"2163","Produkt- und Textildesigner","2","21","216","2163"
"2164","Raum-, Stadt- und Verkehrsplaner","2","21","216","2164"
"2165","Kartografen und Vermessungsingenieure","2","21","216","2165"
"2166","Grafik- und Multimediadesigner","2","21","216","2166"
"22","Akademische und verwandte Gesundheitsberufe","2","22",NA,NA
"220","Akademische und verwandte Gesundheitsberufe, onA","2","22","220",NA
"2200","Akademische und verwandte Gesundheitsberufe, onA","2","22","220","2200"
"221","Ärzte","2","22","221",NA
"2210","Ärzte, onA","2","22","221","2210"
"2211","Allgemeinärzte","2","22","221","2211"
"2212","Fachärzte","2","22","221","2212"
"222","Akademische und vergleichbare Krankenpflege- und Geburtshilfefachkräfte","2","22","222",NA
"2220","Akademische und vergleichbare Krankenpflege- und Geburtshilfefachkräfte, onA","2","22","222","2220"
"2221","Akademische und vergleichbare Krankenpflegefachkräfte","2","22","222","2221"
"2222","Akademische und vergleichbare Geburtshilfefachkräfte","2","22","222","2222"
"223","Akademische und vergleichbare Fachkräfte in der traditionellen und komplementären Medizin","2","22","223",NA
"2230","Akademische und vergleichbare Fachkräfte in der traditionellen und komplementären Medizin","2","22","223","2230"
"224","Feldscher und vergleichbare paramedizinische Praktiker","2","22","224",NA
"2240","Feldscher und vergleichbare paramedizinische Praktiker","2","22","224","2240"
"225","Tierärzte","2","22","225",NA
"2250","Tierärzte","2","22","225","2250"
"226","Sonstige akademische und verwandte Gesundheitsberufe","2","22","226",NA
"2260","Sonstige akademische und verwandte Gesundheitsberufe, onA","2","22","226","2260"
"2261","Zahnärzte","2","22","226","2261"
"2262","Apotheker","2","22","226","2262"
"2263","Akademische und vergleichbare Fachkräfte in den Bereichen Umwelt- und Arbeitsmedizin sowie Hygiene","2","22","226","2263"
"2264","Physiotherapeuten","2","22","226","2264"
"2265","Diätologen und Ernährungsberater","2","22","226","2265"
"2266","Audiologen und Sprachtherapeuten","2","22","226","2266"
"2267","Optometristen und Orthoptisten","2","22","226","2267"
"2269","Akademische und verwandte Gesundheitsberufe, anderweitig nicht genannt","2","22","226","2269"
"23","Lehrkräfte","2","23",NA,NA
"230","Lehrkräfte, onA","2","23","230",NA
"2300","Lehrkräfte, onA","2","23","230","2300"
"231","Universitäts- und Hochschullehrer","2","23","231",NA
"2310","Universitäts- und Hochschullehrer","2","23","231","2310"
"232","Lehrkräfte im Bereich Berufsbildung","2","23","232",NA
"2320","Lehrkräfte im Bereich Berufsbildung","2","23","232","2320"
"233","Lehrkräfte im Sekundarbereich","2","23","233",NA
"2330","Lehrkräfte im Sekundarbereich","2","23","233","2330"
"234","Lehrkräfte im Primar- und Vorschulbereich","2","23","234",NA
"2340","Lehrkräfte im Primar- und Vorschulbereich, onA","2","23","234","2340"
"2341","Lehrkräfte im Primarbereich","2","23","234","2341"
"2342","Lehrkräfte und Erzieher im Vorschulbereich","2","23","234","2342"
"235","Sonstige Lehrkräfte","2","23","235",NA
"2350","Sonstige Lehrkräfte, onA","2","23","235","2350"
"2351","Pädagogik- und Didaktikspezialisten","2","23","235","2351"
"2352","Lehrkräfte im Bereich Sonderpädagogik","2","23","235","2352"
"2353","Sonstige Sprachlehrer","2","23","235","2353"
"2354","Sonstige Musiklehrer","2","23","235","2354"
"2355","Sonstige Kunstlehrer","2","23","235","2355"
"2356","Ausbilder im Bereich Informationstechnologie","2","23","235","2356"
"2359","Lehrkräfte, anderweitig nicht genannt","2","23","235","2359"
"24","Betriebswirte und vergleichbare akademische Berufe","2","24",NA,NA
"240","Betriebswirte und vergleichbare akademische Berufe, onA","2","24","240",NA
"2400","Betriebswirte und vergleichbare akademische Berufe, onA","2","24","240","2400"
"241","Akademische und vergleichbare Fachkräfte im Bereich Finanzen","2","24","241",NA
"2410","Akademische und vergleichbare Fachkräfte im Bereich Finanzen, onA","2","24","241","2410"
"2411","Wirtschaftsprüfer, Steuerberater und verwandte Berufe","2","24","241","2411"
"2412","Finanz- und Anlageberater","2","24","241","2412"
"2413","Finanzanalysten","2","24","241","2413"
"242","Akademische und vergleichbare Fachkräfte in der betrieblichen Verwaltung","2","24","242",NA
"2420","Akademische und vergleichbare Fachkräfte in der betrieblichen Verwaltung, onA","2","24","242","2420"
"2421","Akademische und vergleichbare Fachkräfte im Bereich Management- und Organisationsanalyse","2","24","242","2421"
"2422","Akademische und vergleichbare Fachkräfte in der strategischen Planung in Politik und Wirtschaft","2","24","242","2422"
"2423","Berufsberater und -analytiker und akademische und vergleichbare Personalfachleute","2","24","242","2423"
"2424","Fachkräfte in Personalschulung und -entwicklung","2","24","242","2424"
"243","Akademische und vergleichbare Fachkräfte in Vertrieb, Marketing und Öffentlichkeitsarbeit","2","24","243",NA
"2430","Akademische und vergleichbare Fachkräfte in Vertrieb, Marketing und Öffentlichkeitsarbeit, onA","2","24","243","2430"
"2431","Akademische und vergleichbare Fachkräfte in Werbung und Marketing","2","24","243","2431"
"2432","Akademische und vergleichbare Fachkräfte in der Öffentlichkeitsarbeit","2","24","243","2432"
"2433","Akademische und vergleichbare Fachkräfte im Bereich Vertrieb (Technik und Medizin, ohne Informations- und Kommunikationstechnologie)","2","24","243","2433"
"2434","Akademische und vergleichbare Fachkräfte im Vertrieb von Informations- und Kommunikationstechnologie","2","24","243","2434"
"25","Akademische und vergleichbare Fachkräfte in der Informations- und Kommunikationstechnologie","2","25",NA,NA
"250","Akademische und vergleichbare Fachkräfte in der Informations- und Kommunikationstechnologie, onA","2","25","250",NA
"2500","Akademische und vergleichbare Fachkräfte in der Informations- und Kommunikationstechnologie, onA","2","25","250","2500"
"251","Entwickler und Analytiker von Software und Anwendungen","2","25","251",NA
"2510","Entwickler und Analytiker von Software und Anwendungen, onA","2","25","251","2510"
"2511","Systemanalytiker","2","25","251","2511"
"2512","Softwareentwickler","2","25","251","2512"
"2513","Web- und Multimediaentwickler","2","25","251","2513"
"2514","Anwendungsprogrammierer","2","25","251","2514"
"2519","Entwickler und Analytiker von Software und Anwendungen, anderweitig nicht genannt","2","25","251","2519"
"252","Akademische und vergleichbare Fachkräfte für Datenbanken und Netzwerke","2","25","252",NA
"2520","Akademische und vergleichbare Fachkräfte für Datenbanken und Netzwerke, onA","2","25","252","2520"
"2521","Datenbankentwickler und -administratoren","2","25","252","2521"
"2522","Systemadministratoren","2","25","252","2522"
"2523","Akademische und vergleichbare Fachkräfte für Computernetzwerke","2","25","252","2523"
"2529","Akademische und vergleichbare Fachkräfte für Datenbanken und Netzwerke, anderweitig nicht genannt","2","25","252","2529"
"26","Juristen, Sozialwissenschaftler und Kulturberufe","2","26",NA,NA
"260","Juristen, Sozialwissenschaftler und Kulturberufe, onA","2","26","260",NA
"2600","Juristen, Sozialwissenschaftler und Kulturberufe, onA","2","26","260","2600"
"261","Juristen","2","26","261",NA
"2610","Juristen, onA","2","26","261","2610"
"2611","Anwälte","2","26","261","2611"
"2612","Richter","2","26","261","2612"
"2619","Juristen, anderweitig nicht genannt","2","26","261","2619"
"262","Archiv-, Bibliotheks- und Museumswissenschaftler","2","26","262",NA
"2620","Archiv-, Bibliotheks- und Museumswissenschaftler, onA","2","26","262","2620"
"2621","Archiv- und Museumswissenschaftler","2","26","262","2621"
"2622","Bibliothekswissenschaftler und verwandte Informationswissenschaftler","2","26","262","2622"
"263","Sozialwissenschaftler, Geistliche und Seelsorger","2","26","263",NA
"2630","Sozialwissenschaftler, Geistliche und Seelsorger, onA","2","26","263","2630"
"2631","Volkswirtschaftler","2","26","263","2631"
"2632","Soziologen, Anthropologen und verwandte Wissenschaftler","2","26","263","2632"
"2633","Philosophen, Historiker und Politologen","2","26","263","2633"
"2634","Psychologen","2","26","263","2634"
"2635","Sozialarbeiter","2","26","263","2635"
"2636","Geistliche Seelsorger","2","26","263","2636"
"264","Autoren, Journalisten und Linguisten","2","26","264",NA
"2640","Autoren, Journalisten und Linguisten, onA","2","26","264","2640"
"2641","Autoren und verwandte schriftstellerische Berufe","2","26","264","2641"
"2642","Journalisten","2","26","264","2642"
"2643","Übersetzer, Dolmetscher und andere Linguisten","2","26","264","2643"
"265","Bildende und darstellende Künstler","2","26","265",NA
"2650","Bildende und darstellende Künstler, onA","2","26","265","2650"
"2651","Bildende Künstler","2","26","265","2651"
"2652","Musiker, Sänger und Komponisten","2","26","265","2652"
"2653","Tänzer und Choreografen","2","26","265","2653"
"2654","Regisseure und Produzenten im Film- und Bühnenbereich sowie in verwandten Bereichen","2","26","265","2654"
"2655","Schauspieler","2","26","265","2655"
"2656","Sprecher im Rundfunk, Fernsehen und sonstigen Medien","2","26","265","2656"
"2659","Bildende und darstellende Künstler, anderweitig nicht genannt","2","26","265","2659"
"3","Techniker und gleichrangige nichttechnische Berufe","3",NA,NA,NA
"30","Techniker und gleichrangige nichttechnische Berufe, onA","3","30",NA,NA
"300","Techniker und gleichrangige nichttechnische Berufe, onA","3","30","300",NA
"3000","Techniker und gleichrangige nichttechnische Berufe, onA","3","30","300","3000"
"31","Ingenieurtechnische und vergleichbare Fachkräfte","3","31",NA,NA
"310","Ingenieurtechnische und vergleichbare Fachkräfte, onA","3","31","310",NA
"3100","Ingenieurtechnische und vergleichbare Fachkräfte, onA","3","31","310","3100"
"311","Material- und ingenieurtechnische Fachkräfte","3","31","311",NA
"3110","Material- und ingenieurtechnische Fachkräfte, onA","3","31","311","3110"
"3111","Chemo- und Physikotechniker","3","31","311","3111"
"3112","Bautechniker","3","31","311","3112"
"3113","Elektrotechniker","3","31","311","3113"
"3114","Techniker im Bereich Elektronik","3","31","311","3114"
"3115","Maschinenbautechniker","3","31","311","3115"
"3116","Chemiebetriebs- und Verfahrenstechniker","3","31","311","3116"
"3117","Bergbau- und Hüttentechniker","3","31","311","3117"
"3118","Technische Zeichner","3","31","311","3118"
"3119","Material- und ingenieurtechnische Fachkräfte, anderweitig nicht genannt","3","31","311","3119"
"312","Produktionsleiter im Bergbau, bei der Herstellung von Waren und im Bau","3","31","312",NA
"3120","Produktionsleiter im Bergbau, bei der Herstellung von Waren und im Bau, onA","3","31","312","3120"
"3121","Produktionsleiter im Bergbau","3","31","312","3121"
"3122","Produktionsleiter bei der Herstellung von Waren","3","31","312","3122"
"3123","Bauleiter","3","31","312","3123"
"313","Techniker in der Prozesssteuerung","3","31","313",NA
"3130","Techniker in der Prozesssteuerung, onA","3","31","313","3130"
"3131","Steuerer von Energieerzeugungsanlagen","3","31","313","3131"
"3132","Steuerer von Verbrennungs- und Wasserbehandlungsanlagen","3","31","313","3132"
"3133","Steuerer von chemischen Verfahrensanlagen","3","31","313","3133"
"3134","Steuerer von Erdöl- und Erdgasraffinationsanlagen","3","31","313","3134"
"3135","Steuerer von Verfahren in der Metallerzeugung","3","31","313","3135"
"3139","Techniker in der Prozesssteuerung, anderweitig nicht genannt","3","31","313","3139"
"314","Biotechniker und verwandte technische Berufe","3","31","314",NA
"3140","Biotechniker und verwandte technische Berufe, onA","3","31","314","3140"
"3141","Biotechniker (ohne medizinische Fachberufe)","3","31","314","3141"
"3142","Agrartechniker","3","31","314","3142"
"3143","Forsttechniker","3","31","314","3143"
"315","Schiffsführer, Flugzeugführer und verwandte Berufe","3","31","315",NA
"3150","Schiffsführer, Flugzeugführer und verwandte Berufe, onA","3","31","315","3150"
"3151","Technische Schiffsoffiziere","3","31","315","3151"
"3152","Schiffsführer, nautische Schiffsoffiziere und Schiffslotsen","3","31","315","3152"
"3153","Flugzeugführer und verwandte Berufe","3","31","315","3153"
"3154","Flugverkehrslotsen","3","31","315","3154"
"3155","Flugsicherungstechniker","3","31","315","3155"
"32","Assistenzberufe im Gesundheitswesen","3","32",NA,NA
"320","Assistenzberufe im Gesundheitswesen, onA","3","32","320",NA
"3200","Assistenzberufe im Gesundheitswesen, onA","3","32","320","3200"
"321","Medizinische und pharmazeutische Fachberufe","3","32","321",NA
"3210","Medizinische und pharmazeutische Fachberufe, onA","3","32","321","3210"
"3211","Medizintechniker im Bereich bildgebende Verfahren und Therapiegeräte","3","32","321","3211"
"3212","Medizintechniker im Bereich Labor und Pathologie","3","32","321","3212"
"3213","Pharmazeutisch-technische Assistenten","3","32","321","3213"
"3214","Medizinische und zahnmedizinische Prothetiktechniker","3","32","321","3214"
"322","Nicht akademische Krankenpflege- und Geburtshilfefachkräfte","3","32","322",NA
"3220","Nicht akademische Krankenpflege- und Geburtshilfefachkräfte, onA","3","32","322","3220"
"3221","Nicht akademische Krankenpflegefachkräfte","3","32","322","3221"
"3222","Nicht akademische Geburtshilfefachkräfte","3","32","322","3222"
"323","Nicht akademische Fachkräfte in traditioneller und komplementärer Medizin","3","32","323",NA
"3230","Nicht akademische Fachkräfte in traditioneller und komplementärer Medizin","3","32","323","3230"
"324","Veterinärmedizinische Fachkräfte und Assistenten","3","32","324",NA
"3240","Veterinärmedizinische Fachkräfte und Assistenten","3","32","324","3240"
"325","Sonstige Assistenzberufe im Gesundheitswesen","3","32","325",NA
"3250","Sonstige Assistenzberufe im Gesundheitswesen, onA","3","32","325","3250"
"3251","Zahnmedizinische Assistenten und Dentalhygieniker","3","32","325","3251"
"3252","Fachkräfte im Bereich medizinische Dokumentation und Information","3","32","325","3252"
"3253","Fachkräfte in der öffentlichen Gesundheitsfürsorge","3","32","325","3253"
"3254","Augenoptiker","3","32","325","3254"
"3255","Physiotherapeutische Techniker und Assistenten","3","32","325","3255"
"3256","Medizinische Assistenten","3","32","325","3256"
"3257","Nicht akademische Kontrolleure und Beauftragte in den Bereichen Umwelt- und Arbeitsmedizin sowie verwandte Berufe","3","32","325","3257"
"3258","Rettungsdienstpersonal","3","32","325","3258"
"3259","Assistenzberufe im Gesundheitswesen, anderweitig nicht genannt","3","32","325","3259"
"33","Nicht akademische betriebswirtschaftliche und kaufmännische Fachkräfte und Verwaltungsfachkräfte","3","33",NA,NA
"330","Nicht akademische betriebswirtschaftliche und kaufmännische Fachkräfte und Verwaltungsfachkräfte, onA","3","33","330",NA
"3300","Nicht akademische betriebswirtschaftliche und kaufmännische Fachkräfte und Verwaltungsfachkräfte, onA","3","33","330","3300"
"331","Nicht akademische Fachkräfte im Bereich Finanzen und mathematische Verfahren","3","33","331",NA
"3310","Nicht akademische Fachkräfte im Bereich Finanzen und mathematische Verfahren, onA","3","33","331","3310"
"3311","Wertpapierhändler, -makler und Finanzmakler","3","33","331","3311"
"3312","Kreditsachbearbeiter","3","33","331","3312"
"3313","Nicht akademische Fachkräfte im Rechnungswesen","3","33","331","3313"
"3314","Nicht akademische statistische, mathematische und verwandte Fachkräfte","3","33","331","3314"
"3315","Schätzer und Schadensgutachter","3","33","331","3315"
"332","Vertriebsagenten, Einkäufer und Handelsmakler","3","33","332",NA
"3320","Vertriebsagenten, Einkäufer und Handelsmakler, onA","3","33","332","3320"
"3321","Versicherungsvertreter","3","33","332","3321"
"3322","Vertriebsagenten","3","33","332","3322"
"3323","Einkäufer","3","33","332","3323"
"3324","Handelsmakler","3","33","332","3324"
"333","Fachkräfte für unternehmensbezogene Dienstleistungen","3","33","333",NA
"3330","Fachkräfte für unternehmensbezogene Dienstleistungen, onA","3","33","333","3330"
"3331","Fachkräfte für Abrechnungs- und Speditionsdienstleistungen","3","33","333","3331"
"3332","Konferenz- und Veranstaltungsplaner","3","33","333","3332"
"3333","Arbeits- und Personalvermittler","3","33","333","3333"
"3334","Immobilienmakler und -verwalter","3","33","333","3334"
"3339","Fachkräfte für unternehmensbezogene Dienstleistungen, anderweitig nicht genannt","3","33","333","3339"
"334","Sekretariatsfachkräfte","3","33","334",NA
"3340","Sekretariatsfachkräfte, onA","3","33","334","3340"
"3341","Sekretariatsleiter","3","33","334","3341"
"3342","Sekretariatsfachkräfte im juristischen Bereich","3","33","334","3342"
"3343","Sekretariatsfachkräfte in Verwaltung und Geschäftsleitung","3","33","334","3343"
"3344","Sekretariatsfachkräfte im Gesundheitswesen","3","33","334","3344"
"335","Fachkräfte in der öffentlichen Verwaltung","3","33","335",NA
"3350","Fachkräfte in der öffentlichen Verwaltung, onA","3","33","335","3350"
"3351","Fachkräfte im Zolldienst und Grenzschutz","3","33","335","3351"
"3352","Fachkräfte in der Steuerverwaltung","3","33","335","3352"
"3353","Fachkräfte in Sozialverwaltung und -versicherung","3","33","335","3353"
"3354","Fachkräfte bei staatlichen Pass-, Lizenz- und Genehmigungsstellen","3","33","335","3354"
"3355","Polizeikommissare und Kriminalbeamte","3","33","335","3355"
"3359","Fachkräfte in der öffentlichen Verwaltung, anderweitig nicht genannt","3","33","335","3359"
"34","Nicht akademische juristische, sozialpflegerische, kulturelle und verwandte Fachkräfte","3","34",NA,NA
"340","Nicht akademische juristische, sozialpflegerische, kulturelle und verwandte Fachkräfte, onA","3","34","340",NA
"3400","Nicht akademische juristische, sozialpflegerische, kulturelle und verwandte Fachkräfte, onA","3","34","340","3400"
"341","Nicht akademische juristische, sozialpflegerische und religiöse Berufe","3","34","341",NA
"3410","Nicht akademische juristische, sozialpflegerische und religiöse Berufe, onA","3","34","341","3410"
"3411","Nicht akademische Fachkräfte für Rechts- und verwandte Angelegenheiten","3","34","341","3411"
"3412","Nicht akademische sozialpflegerische Fachkräfte","3","34","341","3412"
"3413","Ordensbrüder/-schwestern und Seelsorgehelfer","3","34","341","3413"
"342","Fachkräfte im Bereich Sport und Fitness","3","34","342",NA
"3420","Fachkräfte im Bereich Sport und Fitness, onA","3","34","342","3420"
"3421","Athleten und Berufssportler","3","34","342","3421"
"3422","Sportlehrer, Sporttrainer und Sportfunktionäre","3","34","342","3422"
"3423","Trainer und Betreuer im Bereich Fitness und Erholung","3","34","342","3423"
"343","Fachkräfte in Gestaltung und Kultur sowie Küchenchefs","3","34","343",NA
"3430","Fachkräfte in Gestaltung und Kultur sowie Küchenchefs, onA","3","34","343","3430"
"3431","Fotografen","3","34","343","3431"
"3432","Raumgestalter und Dekorateure","3","34","343","3432"
"3433","Fachkräfte in Kunstgalerien, Museen und Bibliotheken","3","34","343","3433"
"3434","Küchenchefs","3","34","343","3434"
"3435","Sonstige Fachkräfte in Gestaltung und Kultur","3","34","343","3435"
"35","Informations- und Kommunikationstechniker","3","35",NA,NA
"350","Informations- und Kommunikationstechniker, onA","3","35","350",NA
"3500","Informations- und Kommunikationstechniker, onA","3","35","350","3500"
"351","Techniker für den Betrieb von Informations- und Kommunikationstechnologie und für die Anwenderbetreuung","3","35","351",NA
"3510","Techniker für den Betrieb von Informations- und Kommunikationstechnologie und für die Anwenderbetreuung, onA","3","35","351","3510"
"3511","Techniker für den Betrieb von Informations- und Kommunikationstechnologie","3","35","351","3511"
"3512","Techniker für die Anwenderbetreuung in der Informations- und Kommunikationstechnologie","3","35","351","3512"
"3513","Techniker für Computernetzwerke und -systeme","3","35","351","3513"
"3514","Webmaster","3","35","351","3514"
"352","Telekommunikations- und Rundfunktechniker","3","35","352",NA
"3520","Telekommunikations- und Rundfunktechniker, onA","3","35","352","3520"
"3521","Techniker für Rundfunk und audiovisuelle Medien","3","35","352","3521"
"3522","Telekommunikationstechniker","3","35","352","3522"
"4","Bürokräfte und verwandte Berufe","4",NA,NA,NA
"40","Bürokräfte und verwandte Berufe, onA","4","40",NA,NA
"400","Bürokräfte und verwandte Berufe, onA","4","40","400",NA
"4000","Bürokräfte und verwandte Berufe, onA","4","40","400","4000"
"41","Allgemeine Büro- und Sekretariatskräfte","4","41",NA,NA
"410","Allgemeine Büro- und Sekretariatskräfte, onA","4","41","410",NA
"4100","Allgemeine Büro- und Sekretariatskräfte, onA","4","41","410","4100"
"411","Allgemeine Bürokräfte","4","41","411",NA
"4110","Allgemeine Bürokräfte","4","41","411","4110"
"412","Sekretariatskräfte (allgemein)","4","41","412",NA
"4120","Sekretariatskräfte (allgemein)","4","41","412","4120"
"413","Schreibkräfte und Datenerfasser","4","41","413",NA
"4130","Schreibkräfte und Datenerfasser, onA","4","41","413","4130"
"4131","Schreibkräfte und Bediener von Textverarbeitungsanlagen","4","41","413","4131"
"4132","Datenerfasser","4","41","413","4132"
"42","Bürokräfte mit Kundenkontakt","4","42",NA,NA
"420","Bürokräfte mit Kundenkontakt, onA","4","42","420",NA
"4200","Bürokräfte mit Kundenkontakt, onA","4","42","420","4200"
"421","Schalterbedienstete, Inkassobeauftragte und verwandte Berufe","4","42","421",NA
"4210","Schalterbedienstete, Inkassobeauftragte und verwandte Berufe, onA","4","42","421","4210"
"4211","Bank- und andere Schalterbedienstete","4","42","421","4211"
"4212","Buchmacher, Croupiers und verwandte Berufe im Bereich Glücks- und Wettspiele","4","42","421","4212"
"4213","Pfandleiher und Geldverleiher","4","42","421","4213"
"4214","Inkassobeauftragte und verwandte Berufe","4","42","421","4214"
"422","Berufe im Bereich Kundeninformation","4","42","422",NA
"4220","Berufe im Bereich Kundeninformation, onA","4","42","422","4220"
"4221","Reiseverkehrsfachkräfte","4","42","422","4221"
"4222","Kundeninformationsfachkräfte in Call Centers","4","42","422","4222"
"4223","Telefonisten","4","42","422","4223"
"4224","Hotelrezeptionisten","4","42","422","4224"
"4225","Auskunftspersonal","4","42","422","4225"
"4226","Empfangskräfte (allgemein)","4","42","422","4226"
"4227","Interviewer im Bereich Umfragen und Marktforschung","4","42","422","4227"
"4229","Berufe im Bereich Kundeninformation, anderweitig nicht genannt","4","42","422","4229"
"43","Bürokräfte im Finanz- und Rechnungswesen, in der Statistik und in der Materialwirtschaft","4","43",NA,NA
"430","Bürokräfte im Finanz- und Rechnungswesen, in der Statistik und in der Materialwirtschaft, onA","4","43","430",NA
"4300","Bürokräfte im Finanz- und Rechnungswesen, in der Statistik und in der Materialwirtschaft, onA","4","43","430","4300"
"431","Bürokräfte im Finanz- und Rechnungswesen und in der Statistik","4","43","431",NA
"4310","Bürokräfte im Finanz- und Rechnungswesen und in der Statistik, onA","4","43","431","4310"
"4311","Bürokräfte im Rechnungswesen und in der Buchhaltung","4","43","431","4311"
"4312","Bürokräfte in der Statistik, im Finanz- und Versicherungswesen","4","43","431","4312"
"4313","Bürokräfte in der Lohnbuchhaltung","4","43","431","4313"
"432","Bürokräfte im Bereich Materialwirtschaft und Transport und verwandte Berufe","4","43","432",NA
"4320","Bürokräfte im Bereich Materialwirtschaft und Transport und verwandte Berufe, onA","4","43","432","4320"
"4321","Fachkräfte in der Lagerwirtschaft","4","43","432","4321"
"4322","Bürokräfte in der Material- und Fertigungsplanung und verwandte Berufe","4","43","432","4322"
"4323","Bürokräfte in der Transportwirtschaft und verwandte Berufe","4","43","432","4323"
"44","Sonstige Bürokräfte und verwandte Berufe","4","44",NA,NA
"441","Sonstige Bürokräfte und verwandte Berufe","4","44","441",NA
"4410","Sonstige Bürokräfte und verwandte Berufe, onA","4","44","441","4410"
"4411","Bibliotheksassistenten","4","44","441","4411"
"4412","Postverteiler und -sortierer","4","44","441","4412"
"4413","Kodierer, Korrekturleser und verwandte Bürokräfte","4","44","441","4413"
"4414","Schreiber und verwandte Arbeitskräfte","4","44","441","4414"
"4415","Bürokräfte für Registratur und Dokumentation","4","44","441","4415"
"4416","Bürokräfte im Personalwesen","4","44","441","4416"
"4419","Bürokräfte und verwandte Berufe, anderweitig nicht genannt","4","44","441","4419"
"5","Dienstleistungsberufe und Verkäufer","5",NA,NA,NA
"50","Dienstleistungsberufe und Verkäufer, onA","5","50",NA,NA
"500","Dienstleistungsberufe und Verkäufer, onA","5","50","500",NA
"5000","Dienstleistungsberufe und Verkäufer, onA","5","50","500","5000"
"51","Berufe im Bereich personenbezogener Dienstleistungen","5","51",NA,NA
"510","Berufe im Bereich personenbezogener Dienstleistungen, onA","5","51","510",NA
"5100","Berufe im Bereich personenbezogener Dienstleistungen, onA","5","51","510","5100"
"511","Reisebegleiter, Schaffner und Reiseleiter","5","51","511",NA
"5110","Reisebegleiter, Schaffner und Reiseleiter, onA","5","51","511","5110"
"5111","Reisebegleiter und Stewards","5","51","511","5111"
"5112","Schaffner","5","51","511","5112"
"5113","Reiseleiter/Fremdenführer","5","51","511","5113"
"512","Köche","5","51","512",NA
"5120","Köche","5","51","512","5120"
"513","Kellner und Barkeeper","5","51","513",NA
"5130","Kellner und Barkeeper, onA","5","51","513","5130"
"5131","Kellner","5","51","513","5131"
"5132","Barkeeper","5","51","513","5132"
"514","Friseure, Kosmetiker und verwandte Berufe","5","51","514",NA
"5140","Friseure, Kosmetiker und verwandte Berufe, onA","5","51","514","5140"
"5141","Friseure","5","51","514","5141"
"5142","Kosmetiker und verwandte Berufe","5","51","514","5142"
"515","Hauswarte und Hauswirtschaftsleiter","5","51","515",NA
"5150","Hauswarte und Hauswirtschaftsleiter, onA","5","51","515","5150"
"5151","Reinigungs- und Hauswirtschaftsleiter in Büros, Hotels und anderen Einrichtungen","5","51","515","5151"
"5152","Hauswirtschafter in Privathaushalten","5","51","515","5152"
"5153","Hauswarte","5","51","515","5153"
"516","Sonstige Berufe im Bereich personenbezogener Dienstleistungen","5","51","516",NA
"5160","Sonstige Berufe im Bereich personenbezogener Dienstleistungen, onA","5","51","516","5160"
"5161","Astrologen, Wahrsager und verwandte Berufe","5","51","516","5161"
"5162","Gesellschafter und Zofen/Kammerdiener","5","51","516","5162"
"5163","Bestatter und Einbalsamierer","5","51","516","5163"
"5164","Tierpfleger und -betreuer","5","51","516","5164"
"5165","Fahrschullehrer","5","51","516","5165"
"5169","Berufe im Bereich personenbezogener Dienstleistungen, anderweitig nicht genannt","5","51","516","5169"
"52","Verkaufskräfte","5","52",NA,NA
"520","Verkaufskräfte, onA","5","52","520",NA
"5200","Verkaufskräfte, onA","5","52","520","5200"
"521","Strassen- und Marktverkäufer","5","52","521",NA
"5210","Strassen- und Marktverkäufer, onA","5","52","521","5210"
"5211","Verkaufsstand- und Marktverkäufer","5","52","521","5211"
"5212","Strassenverkäufer von Lebensmitteln","5","52","521","5212"
"522","Verkaufskräfte in Handelsgeschäften","5","52","522",NA
"5220","Verkaufskräfte in Handelsgeschäften, onA","5","52","522","5220"
"5221","Leiter eines Einzelhandelsgeschäftes","5","52","522","5221"
"5222","Verkaufsaufsichtskräfte in Handelsgeschäften","5","52","522","5222"
"5223","Verkäufer und Verkaufshilfskräfte in Handelsgeschäften","5","52","522","5223"
"523","Kassierer und Kartenverkäufer","5","52","523",NA
"5230","Kassierer und Kartenverkäufer","5","52","523","5230"
"524","Sonstige Verkaufskräfte","5","52","524",NA
"5240","Sonstige Verkaufskräfte, onA","5","52","524","5240"
"5241","Mannequins/Dressmen und sonstige Modelle","5","52","524","5241"
"5242","Produktvorführer","5","52","524","5242"
"5243","Haustürverkäufer","5","52","524","5243"
"5244","Telefonverkäufer","5","52","524","5244"
"5245","Tankwarte","5","52","524","5245"
"5246","Imbissverkäufer","5","52","524","5246"
"5249","Verkaufskräfte, anderweitig nicht genannt","5","52","524","5249"
"53","Betreuungsberufe","5","53",NA,NA
"530","Betreuungsberufe, onA","5","53","530",NA
"5300","Betreuungsberufe, onA","5","53","530","5300"
"531","Kinder- und Lernbetreuer","5","53","531",NA
"5310","Kinder- und Lernbetreuer, onA","5","53","531","5310"
"5311","Kinderbetreuer","5","53","531","5311"
"5312","Lernbetreuer","5","53","531","5312"
"532","Betreuungsberufe im Gesundheitswesen","5","53","532",NA
"5320","Betreuungsberufe im Gesundheitswesen, onA","5","53","532","5320"
"5321","Pflegehelfer","5","53","532","5321"
"5322","Haus- und Familienpfleger","5","53","532","5322"
"5329","Betreuungsberufe im Gesundheitswesen, anderweitig nicht genannt","5","53","532","5329"
"54","Schutzkräfte und Sicherheitsbedienstete","5","54",NA,NA
"541","Schutzkräfte und Sicherheitsbedienstete","5","54","541",NA
"5410","Schutzkräfte und Sicherheitsbedienstete, onA","5","54","541","5410"
"5411","Feuerwehrleute","5","54","541","5411"
"5412","Polizisten (ohne Polizeikommissare)","5","54","541","5412"
"5413","Gefängnisaufseher","5","54","541","5413"
"5414","Sicherheitswachpersonal","5","54","541","5414"
"5419","Schutzkräfte und Sicherheitsbedienstete, anderweitig nicht genannt","5","54","541","5419"
"6","Fachkräfte in Land- und Forstwirtschaft und Fischerei","6",NA,NA,NA
"60","Fachkräfte in Land- und Forstwirtschaft und Fischerei, onA","6","60",NA,NA
"600","Fachkräfte in Land- und Forstwirtschaft und Fischerei, onA","6","60","600",NA
"6000","Fachkräfte in Land- und Forstwirtschaft und Fischerei, onA","6","60","600","6000"
"61","Fachkräfte in der Landwirtschaft","6","61",NA,NA
"610","Fachkräfte in der Landwirtschaft, onA","6","61","610",NA
"6100","Fachkräfte in der Landwirtschaft, onA","6","61","610","6100"
"611","Gärtner und Ackerbauern","6","61","611",NA
"6110","Gärtner und Ackerbauern, onA","6","61","611","6110"
"6111","Ackerbauern und Gemüseanbauer","6","61","611","6111"
"6112","Baum- und Strauchfrüchteanbauer","6","61","611","6112"
"6113","Gärtner, Saat- und Pflanzenzüchter","6","61","611","6113"
"6114","Fachkräfte in der Mischkulturlandwirtschaft","6","61","611","6114"
"612","Tierhalter","6","61","612",NA
"6120","Tierhalter, onA","6","61","612","6120"
"6121","Nutztierhalter (ohne Geflügel) und Milchproduzenten","6","61","612","6121"
"6122","Geflügelhalter","6","61","612","6122"
"6123","Imker und Seidenraupenzüchter","6","61","612","6123"
"6129","Tierhalter, anderweitig nicht genannt","6","61","612","6129"
"613","Landwirte mit Ackerbau und Tierhaltung (ohne ausgeprägten Schwerpunkt)","6","61","613",NA
"6130","Landwirte mit Ackerbau und Tierhaltung (ohne ausgeprägten Schwerpunkt)","6","61","613","6130"
"62","Fachkräfte in Forstwirtschaft, Fischerei und Jagd – Marktproduktion","6","62",NA,NA
"620","Fachkräfte in Forstwirtschaft, Fischerei und Jagd – Marktproduktion, onA","6","62","620",NA
"6200","Fachkräfte in Forstwirtschaft, Fischerei und Jagd – Marktproduktion, onA","6","62","620","6200"
"621","Forstarbeitskräfte und verwandte Berufe","6","62","621",NA
"6210","Forstarbeitskräfte und verwandte Berufe","6","62","621","6210"
"622","Fischer, Jäger und Fallensteller","6","62","622",NA
"6220","Fischer, Jäger und Fallensteller, onA","6","62","622","6220"
"6221","Fachkräfte im Bereich Aquakultur","6","62","622","6221"
"6222","Binnen- und Küstenfischer","6","62","622","6222"
"6223","Hochseefischer","6","62","622","6223"
"6224","Jäger und Fallensteller","6","62","622","6224"
"63","Landwirte, Fischer, Jäger und Sammler für den Eigenbedarf","6","63",NA,NA
"630","Landwirte, Fischer, Jäger und Sammler für den Eigenbedarf, onA","6","63","630",NA
"6300","Landwirte, Fischer, Jäger und Sammler für den Eigenbedarf, onA","6","63","630","6300"
"631","Ackerbauern für den Eigenbedarf","6","63","631",NA
"6310","Ackerbauern für den Eigenbedarf","6","63","631","6310"
"632","Nutztierhalter für den Eigenbedarf","6","63","632",NA
"6320","Nutztierhalter für den Eigenbedarf","6","63","632","6320"
"633","Ackerbauern und Nutztierhalter (ohne ausgeprägten Schwerpunkt) für den Eigenbedarf","6","63","633",NA
"6330","Ackerbauern und Nutztierhalter (ohne ausgeprägten Schwerpunkt) für den Eigenbedarf","6","63","633","6330"
"634","Fischer, Jäger, Fallensteller und Sammler für den Eigenbedarf","6","63","634",NA
"6340","Fischer, Jäger, Fallensteller und Sammler für den Eigenbedarf","6","63","634","6340"
"7","Handwerks- und verwandte Berufe","7",NA,NA,NA
"70","Handwerks- und verwandte Berufe, onA","7","70",NA,NA
"700","Handwerks- und verwandte Berufe, onA","7","70","700",NA
"7000","Handwerks- und verwandte Berufe, onA","7","70","700","7000"
"71","Bau- und Ausbaufachkräfte sowie verwandte Berufe, ausgenommen Elektriker","7","71",NA,NA
"710","Bau- und Ausbaufachkräfte sowie verwandte Berufe, ausgenommen Elektriker, onA","7","71","710",NA
"7100","Bau- und Ausbaufachkräfte sowie verwandte Berufe, ausgenommen Elektriker, onA","7","71","710","7100"
"711","Baukonstruktions- und verwandte Berufe","7","71","711",NA
"7110","Baukonstruktions- und verwandte Berufe, onA","7","71","711","7110"
"7111","Rohbaufacharbeiter im Hochbau","7","71","711","7111"
"7112","Maurer und verwandte Berufe","7","71","711","7112"
"7113","Steinmetze, Steinspalter, -bearbeiter und Steinbildhauer","7","71","711","7113"
"7114","Betonierer, Betonoberflächenfertiger und verwandte Berufe","7","71","711","7114"
"7115","Zimmerleute und Bautischler","7","71","711","7115"
"7119","Baukonstruktions- und verwandte Berufe, anderweitig nicht genannt","7","71","711","7119"
"712","Ausbaufachkräfte und verwandte Berufe","7","71","712",NA
"7120","Ausbaufachkräfte und verwandte Berufe, onA","7","71","712","7120"
"7121","Dachdecker","7","71","712","7121"
"7122","Boden- und Fliesenleger","7","71","712","7122"
"7123","Stuckateure","7","71","712","7123"
"7124","Isolierer","7","71","712","7124"
"7125","Glaser","7","71","712","7125"
"7126","Bauspengler und Sanitär- und Heizungsinstallateure","7","71","712","7126"
"7127","Klima- und Kälteanlagenbauer","7","71","712","7127"
"713","Maler, Gebäudereiniger und verwandte Berufe","7","71","713",NA
"7130","Maler, Gebäudereiniger und verwandte Berufe, onA","7","71","713","7130"
"7131","Maler und verwandte Berufe","7","71","713","7131"
"7132","Lackierer und verwandte Berufe","7","71","713","7132"
"7133","Fassadenreiniger und Schornsteinfeger/Rauchfangkehrer","7","71","713","7133"
"72","Metallarbeiter, Mechaniker und verwandte Berufe","7","72",NA,NA
"720","Metallarbeiter, Mechaniker und verwandte Berufe, onA","7","72","720",NA
"7200","Metallarbeiter, Mechaniker und verwandte Berufe, onA","7","72","720","7200"
"721","Blechkaltverformer, Baumetallverformer, Former (für Metallguss), Schweisser und verwandte Berufe","7","72","721",NA
"7210","Blechkaltverformer, Baumetallverformer, Former (für Metallguss), Schweisser und verwandte Berufe, onA","7","72","721","7210"
"7211","Former und Kernmacher (für Metallguss)","7","72","721","7211"
"7212","Schweisser und Brennschneider","7","72","721","7212"
"7213","Blechkaltverformer","7","72","721","7213"
"7214","Baumetallverformer und Metallbauer","7","72","721","7214"
"7215","Verspannungsmonteure und Seilspleisser","7","72","721","7215"
"722","Grobschmiede, Werkzeugmechaniker und verwandte Berufe","7","72","722",NA
"7220","Grobschmiede, Werkzeugmechaniker und verwandte Berufe, onA","7","72","722","7220"
"7221","Grobschmiede, Hammerschmiede und Schmiedepresser","7","72","722","7221"
"7222","Werkzeugmechaniker und verwandte Berufe","7","72","722","7222"
"7223","Werkzeugmaschineneinrichter und -bediener","7","72","722","7223"
"7224","Metallpolierer, Rundschleifer und Werkzeugschärfer","7","72","722","7224"
"723","Maschinenmechaniker und -schlosser","7","72","723",NA
"7230","Maschinenmechaniker und -schlosser, onA","7","72","723","7230"
"7231","Kraftfahrzeugmechaniker und -schlosser","7","72","723","7231"
"7232","Flugmotorenmechaniker und -schlosser","7","72","723","7232"
"7233","Landmaschinen- und Industriemaschinenmechaniker und -schlosser","7","72","723","7233"
"7234","Fahrradmechaniker und verwandte Berufe","7","72","723","7234"
"73","Präzisionshandwerker, Drucker und kunsthandwerkliche Berufe","7","73",NA,NA
"730","Präzisionshandwerker, Drucker und kunsthandwerkliche Berufe, onA","7","73","730",NA
"7300","Präzisionshandwerker, Drucker und kunsthandwerkliche Berufe, onA","7","73","730","7300"
"731","Präzisionshandwerker und kunsthandwerkliche Berufe","7","73","731",NA
"7310","Präzisionshandwerker und kunsthandwerkliche Berufe, onA","7","73","731","7310"
"7311","Präzisionsinstrumentenmacher und -instandsetzer","7","73","731","7311"
"7312","Musikinstrumentenbauer und -stimmer","7","73","731","7312"
"7313","Schmuckwarenhersteller und Edelmetallbearbeiter","7","73","731","7313"
"7314","Keramiker und verwandte Berufe","7","73","731","7314"
"7315","Glasmacher, -schneider, -schleifer und -veredler","7","73","731","7315"
"7316","Schildermaler, Dekormaler, Graveure und Ätzer","7","73","731","7316"
"7317","Kunsthandwerkliche Berufe für Holz, Korbwaren und verwandte Materialien","7","73","731","7317"
"7318","Kunsthandwerkliche Berufe für Textilien, Leder und verwandte Materialien","7","73","731","7318"
"7319","Kunsthandwerkliche Berufe, anderweitig nicht genannt","7","73","731","7319"
"732","Druckhandwerker","7","73","732",NA
"7320","Druckhandwerker, onA","7","73","732","7320"
"7321","Techniker in der Druckvorstufe","7","73","732","7321"
"7322","Drucker","7","73","732","7322"
"7323","Berufe in der Druckweiterverarbeitung und Buchbinder","7","73","732","7323"
"74","Elektriker und Elektroniker","7","74",NA,NA
"740","Elektriker und Elektroniker, onA","7","74","740",NA
"7400","Elektriker und Elektroniker, onA","7","74","740","7400"
"741","Elektroinstallateure und -mechaniker","7","74","741",NA
"7410","Elektroinstallateure und -mechaniker, onA","7","74","741","7410"
"7411","Bauelektriker und verwandte Berufe","7","74","741","7411"
"7412","Elektromechaniker und verwandte Berufe","7","74","741","7412"
"7413","Elektroleitungsinstallateure und Wartungspersonal","7","74","741","7413"
"742","Installateure und Mechaniker für Elektronik und Telekommunikationstechnik","7","74","742",NA
"7420","Installateure und Mechaniker für Elektronik und Telekommunikationstechnik, onA","7","74","742","7420"
"7421","Elektroniker und Elektronik-Servicetechniker","7","74","742","7421"
"7422","Installateure und Servicetechniker im Bereich Informations- und Kommunikationstechnik","7","74","742","7422"
"75","Berufe in der Nahrungsmittelverarbeitung, Holzverarbeitung und Bekleidungsherstellung und verwandte handwerkliche Fachkräfte","7","75",NA,NA
"750","Berufe in der Nahrungsmittelverarbeitung, Holzverarbeitung und Bekleidungsherstellung und verwandte handwerkliche Fachkräfte, onA","7","75","750",NA
"7500","Berufe in der Nahrungsmittelverarbeitung, Holzverarbeitung und Bekleidungsherstellung und verwandte handwerkliche Fachkräfte, onA","7","75","750","7500"
"751","Berufe in der Nahrungsmittelverarbeitung und verwandte handwerkliche Fachkräfte","7","75","751",NA
"7510","Berufe in der Nahrungsmittelverarbeitung und verwandte handwerkliche Fachkräfte, onA","7","75","751","7510"
"7511","Fleischer, Fischhändler und -verarbeiter und verwandte Berufe","7","75","751","7511"
"7512","Bäcker, Konditoren und Konfektmacher","7","75","751","7512"
"7513","Molkerei- und Käsereifachkräfte","7","75","751","7513"
"7514","Obst- und Gemüsekonservierer und verwandte Berufe","7","75","751","7514"
"7515","Nahrungsmittel- und Getränkekoster und -klassierer","7","75","751","7515"
"7516","Tabakaufbereiter und Tabakwarenmacher","7","75","751","7516"
"752","Holzbearbeiter, Möbeltischler und verwandte Berufe","7","75","752",NA
"7520","Holzbearbeiter, Möbeltischler und verwandte Berufe, onA","7","75","752","7520"
"7521","Holztrockner und -konservierer","7","75","752","7521"
"7522","Möbeltischler und verwandte Berufe","7","75","752","7522"
"7523","Einrichter und Bediener von Holzbearbeitungsmaschinen","7","75","752","7523"
"753","Berufe der Bekleidungsherstellung und verwandte Berufe","7","75","753",NA
"7530","Berufe der Bekleidungsherstellung und verwandte Berufe, onA","7","75","753","7530"
"7531","Herren- und Damenschneider, Kürschner und Hutmacher","7","75","753","7531"
"7532","Schnittmustermacher und Zuschneider","7","75","753","7532"
"7533","Näher, Sticker und verwandte Berufe","7","75","753","7533"
"7534","Polsterer und verwandte Berufe","7","75","753","7534"
"7535","Pelzveredler, Gerber und Fellzurichter","7","75","753","7535"
"7536","Schuhmacher und verwandte Berufe","7","75","753","7536"
"754","Sonstige Handwerks- und verwandte Berufe","7","75","754",NA
"7540","Sonstige Handwerks- und verwandte Berufe, onA","7","75","754","7540"
"7541","Taucher","7","75","754","7541"
"7542","Sprengmeister und Sprengbeauftragte","7","75","754","7542"
"7543","Produkttester und -klassierer (ohne Nahrungsmittel und Getränke)","7","75","754","7543"
"7544","Kammerjäger und andere Schädlingsbekämpfungsberufe","7","75","754","7544"
"7549","Handwerks- und verwandte Berufe, anderweitig nicht genannt","7","75","754","7549"
"8","Bediener von Anlagen und Maschinen und Montageberufe","8",NA,NA,NA
"80","Bediener von Anlagen und Maschinen und Montageberufe, onA","8","80",NA,NA
"800","Bediener von Anlagen und Maschinen und Montageberufe, onA","8","80","800",NA
"8000","Bediener von Anlagen und Maschinen und Montageberufe, onA","8","80","800","8000"
"81","Bediener stationärer Anlagen und Maschinen","8","81",NA,NA
"810","Bediener stationärer Anlagen und Maschinen, onA","8","81","810",NA
"8100","Bediener stationärer Anlagen und Maschinen, onA","8","81","810","8100"
"811","Bediener von Anlagen für den Bergbau und die Mineralaufbereitung","8","81","811",NA
"8110","Bediener von Anlagen für den Bergbau und die Mineralaufbereitung, onA","8","81","811","8110"
"8111","Bergleute und Grubenarbeiter","8","81","811","8111"
"8112","Bediener von Mineral- und Gesteinsaufbereitungsanlagen","8","81","811","8112"
"8113","Tiefbohrer und verwandte Berufe","8","81","811","8113"
"8114","Bediener von Maschinen zur Herstellung und Verarbeitung von Zement, Steinen und sonstigen Mineralien","8","81","811","8114"
"812","Bediener von Anlagen in der Metallerzeugung, -umformung und -veredlung","8","81","812",NA
"8120","Bediener von Anlagen in der Metallerzeugung, -umformung und -veredlung, onA","8","81","812","8120"
"8121","Bediener von Anlagen in der Metallerzeugung und -umformung","8","81","812","8121"
"8122","Bediener von Anlagen zur Metallveredlung, Plattierung und Beschichtung von Metallen","8","81","812","8122"
"813","Bediener von Anlagen und Maschinen für chemische und fotografische Erzeugnisse","8","81","813",NA
"8130","Bediener von Anlagen und Maschinen für chemische und fotografische Erzeugnisse, onA","8","81","813","8130"
"8131","Bediener von Anlagen und Maschinen für chemische Erzeugnisse","8","81","813","8131"
"8132","Bediener von Anlagen für fotografische Erzeugnisse","8","81","813","8132"
"814","Bediener von Maschinen zur Herstellung von Gummi-, Kunststoff- und Papierwaren","8","81","814",NA
"8140","Bediener von Maschinen zur Herstellung von Gummi-, Kunststoff- und Papierwaren, onA","8","81","814","8140"
"8141","Bediener von Maschinen zur Herstellung von Gummiwaren","8","81","814","8141"
"8142","Bediener von Maschinen zur Herstellung von Kunststoffwaren","8","81","814","8142"
"8143","Bediener von Maschinen zur Herstellung von Papierwaren","8","81","814","8143"
"815","Bediener von Maschinen zur Herstellung von Textil-, Pelz- und Lederwaren","8","81","815",NA
"8150","Bediener von Maschinen zur Herstellung von Textil-, Pelz- und Lederwaren, onA","8","81","815","8150"
"8151","Bediener von Spinnstoffaufbereitungs-, Spinn- und Spulmaschinen","8","81","815","8151"
"8152","Bediener von Web-, Strick- und Wirkmaschinen","8","81","815","8152"
"8153","Bediener von Nähmaschinen","8","81","815","8153"
"8154","Bediener von Bleich- und Färbemaschinen","8","81","815","8154"
"8155","Bediener von Pelz- und Lederzurichtungs- und -vorbereitungsmaschinen","8","81","815","8155"
"8156","Bediener von Maschinen zur Schuhherstellung und verwandte Berufe","8","81","815","8156"
"8157","Bediener von Wäschereimaschinen","8","81","815","8157"
"8159","Bediener von Maschinen zur Herstellung von Textil-, Pelz- und Lederwaren, anderweitig nicht genannt","8","81","815","8159"
"816","Bediener von Maschinen zur Herstellung von Nahrungs- und Genussmitteln","8","81","816",NA
"8160","Bediener von Maschinen zur Herstellung von Nahrungs- und Genussmitteln","8","81","816","8160"
"817","Bediener von Anlagen zur Holzaufbereitung und Papierherstellung","8","81","817",NA
"8170","Bediener von Anlagen zur Holzaufbereitung und Papierherstellung, onA","8","81","817","8170"
"8171","Bediener von Anlagen zur Zellstoff- und Papierherstellung","8","81","817","8171"
"8172","Bediener von Anlagen zur Holzaufbereitung","8","81","817","8172"
"818","Bediener sonstiger stationärer Anlagen und Maschinen","8","81","818",NA
"8180","Bediener sonstiger stationärer Anlagen und Maschinen, onA","8","81","818","8180"
"8181","Bediener von Anlagen zur Glas- und Keramikherstellung","8","81","818","8181"
"8182","Bediener von Dampfmaschinen und -kesseln","8","81","818","8182"
"8183","Bediener von Verpackungs-, Abfüll- und Etikettiermaschinen","8","81","818","8183"
"8189","Bediener stationärer Anlagen und Maschinen, anderweitig nicht genannt","8","81","818","8189"
"82","Montageberufe","8","82",NA,NA
"820","Montageberufe, onA","8","82","820",NA
"8200","Montageberufe, onA","8","82","820","8200"
"821","Montageberufe","8","82","821",NA
"8210","Montageberufe, onA","8","82","821","8210"
"8211","Berufe der Montage von mechanischen Bauteilen","8","82","821","8211"
"8212","Berufe der Montage von elektrischen und elektronischen Geräten","8","82","821","8212"
"8219","Montageberufe, anderweitig nicht genannt","8","82","821","8219"
"83","Fahrzeugführer und Bediener mobiler Anlagen","8","83",NA,NA
"830","Fahrzeugführer und Bediener mobiler Anlagen, onA","8","83","830",NA
"8300","Fahrzeugführer und Bediener mobiler Anlagen, onA","8","83","830","8300"
"831","Lokomotivführer und verwandte Berufe","8","83","831",NA
"8310","Lokomotivführer und verwandte Berufe, onA","8","83","831","8310"
"8311","Lokomotivführer","8","83","831","8311"
"8312","Bediener von Sicherungs-, Signal- und Leittechnik im Schienennetzbetrieb","8","83","831","8312"
"832","Kraftfahrzeugführer","8","83","832",NA
"8320","Kraftfahrzeugführer, onA","8","83","832","8320"
"8321","Kraftradfahrer","8","83","832","8321"
"8322","Personenkraftwagen-, Taxi-, Kleintransporter- und Kleinbusfahrer","8","83","832","8322"
"833","Fahrer schwerer Lastkraftwagen und Busse","8","83","833",NA
"8330","Fahrer schwerer Lastkraftwagen und Busse, onA","8","83","833","8330"
"8331","Busfahrer und Strassenbahnführer","8","83","833","8331"
"8332","Fahrer schwerer Lastkraftwagen","8","83","833","8332"
"834","Bediener mobiler Anlagen","8","83","834",NA
"8340","Bediener mobiler Anlagen, onA","8","83","834","8340"
"8341","Führer von mobilen land- und forstwirtschaftlichen Maschinen","8","83","834","8341"
"8342","Führer von Erdbewegungs- und verwandten Maschinen","8","83","834","8342"
"8343","Kranführer, Aufzugmaschinisten und Bediener verwandter Hebeeinrichtungen","8","83","834","8343"
"8344","Gabelstaplerfahrer und verwandte Berufe","8","83","834","8344"
"835","Deckspersonal auf Schiffen und verwandte Berufe","8","83","835",NA
"8350","Deckspersonal auf Schiffen und verwandte Berufe","8","83","835","8350"
"9","Hilfsarbeitskräfte","9",NA,NA,NA
"90","Hilfsarbeitskräfte, onA","9","90",NA,NA
"900","Hilfsarbeitskräfte, onA","9","90","900",NA
"9000","Hilfsarbeitskräfte, onA","9","90","900","9000"
"91","Reinigungspersonal und Hilfskräfte","9","91",NA,NA
"910","Reinigungspersonal und Hilfskräfte, onA","9","91","910",NA
"9100","Reinigungspersonal und Hilfskräfte, onA","9","91","910","9100"
"911","Reinigungspersonal und Hilfskräfte in Privathaushalten, Hotels und Büros","9","91","911",NA
"9110","Reinigungspersonal und Hilfskräfte in Privathaushalten, Hotels und Büros, onA","9","91","911","9110"
"9111","Reinigungspersonal und Hilfskräfte in Privathaushalten","9","91","911","9111"
"9112","Reinigungspersonal und Hilfskräfte in Büros, Hotels und anderen Einrichtungen","9","91","911","9112"
"912","Reinigungspersonal für Fahrzeuge, Fenster, Wäsche und sonstige manuelle Reinigungsberufe","9","91","912",NA
"9120","Reinigungspersonal für Fahrzeuge, Fenster, Wäsche und sonstige manuelle Reinigungsberufe, onA","9","91","912","9120"
"9121","Handwäscher und Handbügler","9","91","912","9121"
"9122","Fahrzeugreiniger","9","91","912","9122"
"9123","Fensterputzer","9","91","912","9123"
"9129","Sonstiges Reinigungspersonal","9","91","912","9129"
"92","Hilfsarbeiter in der Land- und Forstwirtschaft und Fischerei","9","92",NA,NA
"921","Hilfsarbeiter in der Land- und Forstwirtschaft und Fischerei","9","92","921",NA
"9210","Hilfsarbeiter in der Land- und Forstwirtschaft und Fischerei, onA","9","92","921","9210"
"9211","Hilfsarbeiter im Ackerbau","9","92","921","9211"
"9212","Hilfsarbeiter in der Tierhaltung","9","92","921","9212"
"9213","Hilfsarbeiter in Ackerbau und Tierhaltung (ohne ausgeprägten Schwerpunkt)","9","92","921","9213"
"9214","Hilfsarbeiter im Gartenbau","9","92","921","9214"
"9215","Hilfsarbeiter in der Forstwirtschaft","9","92","921","9215"
"9216","Hilfsarbeiter in der Fischerei und Aquakultur","9","92","921","9216"
"93","Hilfsarbeiter im Bergbau, im Bau, bei der Herstellung von Waren und im Transportwesen","9","93",NA,NA
"930","Hilfsarbeiter im Bergbau, im Bau, bei der Herstellung von Waren und im Transportwesen, onA","9","93","930",NA
"9300","Hilfsarbeiter im Bergbau, im Bau, bei der Herstellung von Waren und im Transportwesen, onA","9","93","930","9300"
"931","Hilfsarbeiter im Bergbau und im Bau","9","93","931",NA
"9310","Hilfsarbeiter im Bergbau und im Bau, onA","9","93","931","9310"
"9311","Hilfsarbeiter im Bergbau und in der Gewinnung von Steinen und Erden","9","93","931","9311"
"9312","Hilfsarbeiter im Tiefbau","9","93","931","9312"
"9313","Hilfsarbeiter im Hochbau","9","93","931","9313"
"932","Hilfsarbeiter bei der Herstellung von Waren","9","93","932",NA
"9320","Hilfsarbeiter bei der Herstellung von Waren, onA","9","93","932","9320"
"9321","Verpacker","9","93","932","9321"
"9329","Hilfsarbeiter bei der Herstellung von Waren, anderweitig nicht genannt","9","93","932","9329"
"933","Hilfsarbeiter in Transport und Lagerei","9","93","933",NA
"9330","Hilfsarbeiter in Transport und Lagerei, onA","9","93","933","9330"
"9331","Führer von Handwagen und pedalbetriebenen Fahrzeugen","9","93","933","9331"
"9332","Führer von Fahrzeugen und Maschinen mit Zugtierantrieb","9","93","933","9332"
"9333","Frachtarbeiter und verwandte Berufe","9","93","933","9333"
"9334","Regalbetreuer und -auffüller","9","93","933","9334"
"94","Hilfskräfte in der Nahrungsmittelzubereitung","9","94",NA,NA
"941","Hilfskräfte in der Nahrungsmittelzubereitung","9","94","941",NA
"9410","Hilfskräfte in der Nahrungsmittelzubereitung, onA","9","94","941","9410"
"9411","Zubereiter von Fast Food und anderen Imbissen","9","94","941","9411"
"9412","Küchenhilfen","9","94","941","9412"
"95","Strassenhändler und auf der Strasse arbeitende Dienstleistungskräfte","9","95",NA,NA
"950","Strassenhändler und auf der Strasse arbeitende Dienstleistungskräfte, onA","9","95","950",NA
"9500","Strassenhändler und auf der Strasse arbeitende Dienstleistungskräfte, onA","9","95","950","9500"
"951","Auf der Strasse arbeitende Dienstleistungskräfte und verwandte Berufe","9","95","951",NA
"9510","Auf der Strasse arbeitende Dienstleistungskräfte und verwandte Berufe","9","95","951","9510"
"952","Strassenverkäufer (ohne Lebensmittel)","9","95","952",NA
"9520","Strassenverkäufer (ohne Lebensmittel)","9","95","952","9520"
"96","Abfallentsorgungsarbeiter und sonstige Hilfsarbeitskräfte","9","96",NA,NA
"960","Abfallentsorgungsarbeiter und sonstige Hilfsarbeitskräfte, onA","9","96","960",NA
"9600","Abfallentsorgungsarbeiter und sonstige Hilfsarbeitskräfte, onA","9","96","960","9600"
"961","Abfallentsorgungsarbeiter","9","96","961",NA
"9610","Abfallentsorgungsarbeiter, onA","9","96","961","9610"
"9611","Arbeiter in der Abfall- und Wertstoffsammlung","9","96","961","9611"
"9612","Arbeiter in der Abfallsortierung","9","96","961","9612"
"9613","Strassenkehrer und verwandte Berufe","9","96","961","9613"
"962","Sonstige Hilfsarbeitskräfte","9","96","962",NA
"9620","Sonstige Hilfsarbeitskräfte, onA","9","96","962","9620"
"9621","Boten, Paketauslieferer und Gepäckträger","9","96","962","9621"
"9622","Gelegenheitsarbeiter","9","96","962","9622"
"9623","Zählerableser, Automatenbefüller und -kassierer","9","96","962","9623"
"9624","Wasserträger und Brennholzsammler","9","96","962","9624"
"9629","Hilfsarbeitskräfte, anderweitig nicht genannt","9","96","962","9629"
"-999","Keine Zuweisung möglich","9","96","999","-999"
