"gmd_identifier","gmd_name","Land","kanton","agglo_identifier","population_2012"
"230","Winterthur","CH","ZH","230",104468
"219","Elsau","CH","ZH","230",3355
"223","Neftenbach","CH","ZH","230",5425
"217","Elgg","CH","ZH","230",4034
"225","Rickenbach (ZH)","CH","ZH","230",2551
"226","Schlatt (ZH)","CH","ZH","230",738
"227","Seuzach","CH","ZH","230",7136
"298","Wiesendangen","CH","ZH","230",5984
"261","Zürich","CH","ZH","261",380777
"52","Bassersdorf","CH","ZH","261",11243
"54","Dietlikon","CH","ZH","261",7170
"62","Kloten","CH","ZH","261",18402
"66","Opfikon","CH","ZH","261",16116
"69","Wallisellen","CH","ZH","261",14188
"131","Adliswil","CH","ZH","261",18037
"133","Horgen","CH","ZH","261",19282
"135","Kilchberg (ZH)","CH","ZH","261",7675
"136","Langnau am Albis","CH","ZH","261",7254
"137","Oberrieden","CH","ZH","261",4979
"139","Rüschlikon","CH","ZH","261",5425
"141","Thalwil","CH","ZH","261",17340
"151","Erlenbach (ZH)","CH","ZH","261",5325
"152","Herrliberg","CH","ZH","261",6148
"154","Küsnacht (ZH)","CH","ZH","261",13518
"160","Zumikon","CH","ZH","261",5167
"161","Zollikon","CH","ZH","261",12163
"191","Dübendorf","CH","ZH","261",25341
"194","Greifensee","CH","ZH","261",5226
"197","Schwerzenbach","CH","ZH","261",4743
"199","Volketswil","CH","ZH","261",17768
"200","Wangen-Brüttisellen","CH","ZH","261",7578
"243","Dietikon","CH","ZH","261",24843
"244","Geroldswil","CH","ZH","261",4755
"245","Oberengstringen","CH","ZH","261",6416
"246","Oetwil an der Limmat","CH","ZH","261",2332
"247","Schlieren","CH","ZH","261",17199
"249","Unterengstringen","CH","ZH","261",3398
"250","Urdorf","CH","ZH","261",9471
"251","Weiningen (ZH)","CH","ZH","261",4287
"4023","Bergdietikon","CH","AG","261",2404
"2","Affoltern am Albis","CH","ZH","261",11276
"5","Hedingen","CH","ZH","261",3511
"51","Bachenbülach","CH","ZH","261",4019
"53","Bülach","CH","ZH","261",17975
"56","Embrach","CH","ZH","261",8986
"57","Freienstein-Teufen","CH","ZH","261",2317
"60","Höri","CH","ZH","261",2619
"68","Rorbas","CH","ZH","261",2501
"72","Winkel","CH","ZH","261",4088
"89","Niederglatt","CH","ZH","261",4580
"90","Niederhasli","CH","ZH","261",8723
"92","Oberglatt","CH","ZH","261",6063
"96","Regensdorf","CH","ZH","261",16975
"121","Wetzikon (ZH)","CH","ZH","261",23274
"138","Richterswil","CH","ZH","261",12832
"142","Wädenswil","CH","ZH","261",20967
"155","Männedorf","CH","ZH","261",10470
"156","Meilen","CH","ZH","261",12816
"158","Stäfa","CH","ZH","261",13876
"159","Uetikon am See","CH","ZH","261",5931
"174","Illnau-Effretikon","CH","ZH","261",16117
"198","Uster","CH","ZH","261",32748
"1322","Freienbach","CH","SZ","261",15758
"1323","Wollerau","CH","SZ","261",7051
"4030","Killwangen","CH","AG","261",1825
"4040","Spreitenbach","CH","AG","261",10930
"4048","Würenlos","CH","AG","261",5850
"4062","Berikon","CH","AG","261",4519
"4063","Bremgarten (AG)","CH","AG","261",7580
"4075","Rudolfstetten-Friedlisberg","CH","AG","261",4319
"4081","Widen","CH","AG","261",3581
"4083","Zufikon","CH","AG","261",4250
"1","Aeugst am Albis","CH","ZH","261",1955
"3","Bonstetten","CH","ZH","261",5205
"4","Hausen am Albis","CH","ZH","261",3376
"8","Maschwanden","CH","ZH","261",641
"9","Mettmenstetten","CH","ZH","261",4420
"10","Obfelden","CH","ZH","261",4833
"11","Ottenbach","CH","ZH","261",2480
"12","Rifferswil","CH","ZH","261",957
"13","Stallikon","CH","ZH","261",3309
"14","Wettswil am Albis","CH","ZH","261",4579
"23","Berg am Irchel","CH","ZH","261",587
"55","Eglisau","CH","ZH","261",4709
"58","Glattfelden","CH","ZH","261",4550
"59","Hochfelden","CH","ZH","261",2022
"61","Hüntwangen","CH","ZH","261",1000
"63","Lufingen","CH","ZH","261",1833
"64","Nürensdorf","CH","ZH","261",5274
"65","Oberembrach","CH","ZH","261",1030
"67","Rafz","CH","ZH","261",4098
"70","Wasterkingen","CH","ZH","261",547
"71","Wil (ZH)","CH","ZH","261",1298
"81","Bachs","CH","ZH","261",574
"82","Boppelsen","CH","ZH","261",1276
"83","Buchs (ZH)","CH","ZH","261",6068
"84","Dällikon","CH","ZH","261",3733
"85","Dänikon","CH","ZH","261",1928
"86","Dielsdorf","CH","ZH","261",5790
"87","Hüttikon","CH","ZH","261",669
"88","Neerach","CH","ZH","261",3029
"91","Niederweningen","CH","ZH","261",2760
"93","Oberweningen","CH","ZH","261",1754
"94","Otelfingen","CH","ZH","261",2755
"95","Regensberg","CH","ZH","261",491
"97","Rümlang","CH","ZH","261",7019
"98","Schleinikon","CH","ZH","261",718
"99","Schöfflisdorf","CH","ZH","261",1375
"100","Stadel","CH","ZH","261",2015
"101","Steinmaur","CH","ZH","261",3279
"102","Weiach","CH","ZH","261",1083
"111","Bäretswil","CH","ZH","261",4934
"112","Bubikon","CH","ZH","261",6854
"115","Gossau (ZH)","CH","ZH","261",9725
"116","Grüningen","CH","ZH","261",3229
"117","Hinwil","CH","ZH","261",10615
"119","Seegräben","CH","ZH","261",1305
"132","Hirzel","CH","ZH","261",2134
"134","Hütten","CH","ZH","261",897
"140","Schönenberg (ZH)","CH","ZH","261",1896
"153","Hombrechtikon","CH","ZH","261",8119
"157","Oetwil am See","CH","ZH","261",4557
"172","Fehraltorf","CH","ZH","261",6234
"173","Hittnau","CH","ZH","261",3508
"175","Kyburg","CH","ZH","261",405
"176","Lindau","CH","ZH","261",5212
"177","Pfäffikon","CH","ZH","261",11027
"178","Russikon","CH","ZH","261",4132
"180","Weisslingen","CH","ZH","261",3176
"182","Wildberg","CH","ZH","261",1005
"192","Egg","CH","ZH","261",8305
"193","Fällanden","CH","ZH","261",8072
"195","Maur","CH","ZH","261",9634
"196","Mönchaltorf","CH","ZH","261",3447
"213","Brütten","CH","ZH","261",1989
"215","Dättlikon","CH","ZH","261",748
"224","Pfungen","CH","ZH","261",3386
"241","Aesch (ZH)","CH","ZH","261",1157
"242","Birmensdorf (ZH)","CH","ZH","261",5965
"248","Uitikon","CH","ZH","261",3947
"1321","Feusisberg","CH","SZ","261",4945
"2933","Buchberg","CH","SH","261",837
"2938","Rüdlingen","CH","SH","261",755
"4022","Bellikon","CH","AG","261",1588
"4031","Künten","CH","AG","261",1622
"4061","Arni (AG)","CH","AG","261",1830
"4066","Eggenwil","CH","AG","261",904
"4067","Fischbach-Göslikon","CH","AG","261",1473
"4071","Jonen","CH","AG","261",1966
"4073","Oberlunkhofen","CH","AG","261",1956
"4074","Oberwil-Lieli","CH","AG","261",2155
"4079","Unterlunkhofen","CH","AG","261",1277
"4084","Islisberg","CH","AG","261",607
"4226","Besenbüren","CH","AG","261",563
"4238","Rottenschwil","CH","AG","261",783
"4306","Fisibach","CH","AG","261",408
"4308","Kaiserstuhl","CH","AG","261",403
"4318","Schneisingen","CH","AG","261",1329
"4319","Siglistorf","CH","AG","261",613
"351","Bern","CH","BE","351",127515
"352","Bolligen","CH","BE","351",6021
"353","Bremgarten bei Bern","CH","BE","351",4318
"355","Köniz","CH","BE","351",39375
"356","Muri bei Bern","CH","BE","351",12675
"358","Stettlen","CH","BE","351",2883
"359","Vechigen","CH","BE","351",4809
"361","Zollikofen","CH","BE","351",9977
"362","Ittigen","CH","BE","351",10997
"363","Ostermundigen","CH","BE","351",15871
"403","Bäriswil","CH","BE","351",1024
"544","Moosseedorf","CH","BE","351",3645
"551","Urtenen-Schönbühl","CH","BE","351",5890
"870","Kehrsatz","CH","BE","351",4120
"616","Münsingen","CH","BE","351",11566
"307","Meikirch","CH","BE","351",2424
"309","Radelfingen","CH","BE","351",1196
"310","Rapperswil (BE)","CH","BE","351",2368
"311","Schüpfen","CH","BE","351",3566
"354","Kirchlindach","CH","BE","351",2808
"357","Oberbalm","CH","BE","351",876
"360","Wohlen bei Bern","CH","BE","351",8901
"409","Hindelbank","CH","BE","351",2166
"414","Krauchthal","CH","BE","351",2322
"532","Bangerten","CH","BE","351",160
"535","Deisswil bei Münchenbuchsee","CH","BE","351",92
"536","Diemerswil","CH","BE","351",190
"538","Fraubrunnen","CH","BE","351",4845
"540","Jegenstorf","CH","BE","351",5470
"541","Iffwil","CH","BE","351",412
"543","Mattstetten","CH","BE","351",586
"546","Münchenbuchsee","CH","BE","351",9749
"553","Wiggiswil","CH","BE","351",98
"557","Zuzwil (BE)","CH","BE","351",578
"603","Biglen","CH","BE","351",1736
"608","Grosshöchstetten","CH","BE","351",3287
"609","Häutligen","CH","BE","351",252
"610","Herbligen","CH","BE","351",579
"611","Kiesen","CH","BE","351",864
"612","Konolfingen","CH","BE","351",4911
"617","Niederhünigen","CH","BE","351",626
"622","Oppligen","CH","BE","351",664
"623","Rubigen","CH","BE","351",2895
"624","Schlosswil","CH","BE","351",632
"625","Tägertschi","CH","BE","351",409
"627","Worb","CH","BE","351",11324
"628","Zäziwil","CH","BE","351",1632
"630","Allmendingen","CH","BE","351",511
"632","Wichtrach","CH","BE","351",4089
"662","Ferenbalm","CH","BE","351",1243
"663","Frauenkappelen","CH","BE","351",1241
"666","Kriechenwil","CH","BE","351",414
"667","Laupen","CH","BE","351",2821
"668","Mühleberg","CH","BE","351",2727
"670","Neuenegg","CH","BE","351",4880
"855","Schwarzenburg","CH","BE","351",6773
"861","Belp","CH","BE","351",11108
"865","Gelterfingen","CH","BE","351",254
"866","Gerzensee","CH","BE","351",1184
"868","Jaberg","CH","BE","351",252
"869","Kaufdorf","CH","BE","351",1048
"872","Kirchdorf (BE)","CH","BE","351",881
"873","Kirchenthurnen","CH","BE","351",272
"875","Mühledorf (BE)","CH","BE","351",258
"876","Mühlethurnen","CH","BE","351",1372
"877","Niedermuhlern","CH","BE","351",461
"881","Rümligen","CH","BE","351",438
"884","Toffen","CH","BE","351",2499
"885","Uttigen","CH","BE","351",1898
"888","Wald (BE)","CH","BE","351",1184
"2260","Gempenach","CH","FR","351",291
"2278","Ulmiz","CH","FR","351",403
"2295","Bösingen","CH","FR","351",3346
"2308","Ueberstorf","CH","FR","351",2395
"2309","Wünnewil-Flamatt","CH","FR","351",5326
"371","Biel/Bienne","CH","BE","371",52351
"372","Evilard","CH","BE","371",2465
"731","Aegerten","CH","BE","371",1781
"732","Bellmund","CH","BE","371",1546
"733","Brügg","CH","BE","371",4257
"739","Ipsach","CH","BE","371",3940
"743","Nidau","CH","BE","371",6782
"745","Port","CH","BE","371",3346
"748","Schwadernau","CH","BE","371",662
"749","Studen (BE)","CH","BE","371",2884
"755","Worben","CH","BE","371",2211
"390","Meinisberg","CH","BE","371",1309
"392","Pieterlen","CH","BE","371",3821
"436","La Heutte","CH","BE","371",477
"438","Orvin","CH","BE","371",1195
"439","Péry","CH","BE","371",1362
"442","Romont (BE)","CH","BE","371",206
"449","Sauge","CH","BE","371",772
"738","Jens","CH","BE","371",674
"740","Ligerz","CH","BE","371",527
"741","Merzligen","CH","BE","371",405
"742","Mörigen","CH","BE","371",882
"744","Orpund","CH","BE","371",2649
"746","Safnern","CH","BE","371",1854
"747","Scheuren","CH","BE","371",460
"750","Sutz-Lattrigen","CH","BE","371",1358
"756","Twann-Tüscherz","CH","BE","371",1095
"581","Interlaken","CH","BE","581",5504
"572","Bönigen","CH","BE","581",2478
"587","Matten bei Interlaken","CH","BE","581",3777
"593","Unterseen","CH","BE","581",5562
"575","Därligen","CH","BE","581",420
"588","Niederried bei Interlaken","CH","BE","581",335
"590","Ringgenberg (BE)","CH","BE","581",2629
"591","Saxeten","CH","BE","581",100
"594","Wilderswil","CH","BE","581",2558
"942","Thun","CH","BE","942",42735
"928","Heimberg","CH","BE","942",6465
"929","Hilterfingen","CH","BE","942",4061
"934","Oberhofen am Thunersee","CH","BE","942",2366
"939","Steffisburg","CH","BE","942",15515
"941","Thierachern","CH","BE","942",2350
"770","Stocken-Höfen","CH","BE","942",978
"921","Amsoldingen","CH","BE","942",788
"925","Fahrni","CH","BE","942",796
"927","Heiligenschwendi","CH","BE","942",681
"931","Homberg","CH","BE","942",509
"932","Horrenbach-Buchen","CH","BE","942",256
"937","Schwendibach","CH","BE","942",255
"945","Unterlangenegg","CH","BE","942",927
"947","Zwieselberg","CH","BE","942",282
"1061","Luzern","CH","LU","1061",79478
"1024","Emmen","CH","LU","1061",28701
"1040","Rothenburg","CH","LU","1061",7227
"1051","Adligenswil","CH","LU","1061",5406
"1052","Buchrain","CH","LU","1061",6049
"1053","Dierikon","CH","LU","1061",1467
"1054","Ebikon","CH","LU","1061",12571
"1058","Horw","CH","LU","1061",13618
"1059","Kriens","CH","LU","1061",26751
"1063","Meggen","CH","LU","1061",6752
"1026","Eschenbach (LU)","CH","LU","1061",3547
"1033","Inwil","CH","LU","1061",2306
"1037","Rain","CH","LU","1061",2494
"1062","Malters","CH","LU","1061",6861
"1066","Schwarzenberg","CH","LU","1061",1676
"1067","Udligenswil","CH","LU","1061",2196
"1088","Hildisrieden","CH","LU","1061",1969
"1093","Neuenkirch","CH","LU","1061",6185
"1507","Hergiswil (NW)","CH","NW","1061",5487
"1201","Altdorf (UR)","CH","UR","1201",8981
"1203","Attinghausen","CH","UR","1201",1591
"1205","Bürglen (UR)","CH","UR","1201",3917
"1207","Flüelen","CH","UR","1201",1988
"1213","Schattdorf","CH","UR","1201",5009
"1204","Bauen","CH","UR","1201",170
"1206","Erstfeld","CH","UR","1201",3778
"1211","Isenthal","CH","UR","1201",529
"1214","Seedorf (UR)","CH","UR","1201",1806
"1216","Silenen","CH","UR","1201",2162
"1218","Spiringen","CH","UR","1201",846
"1219","Unterschächen","CH","UR","1201",699
"1341","Altendorf","CH","SZ","1344",6376
"1344","Lachen","CH","SZ","1344",8004
"1346","Schübelbach","CH","SZ","1344",8567
"1349","Wangen (SZ)","CH","SZ","1344",4764
"1630","Glarus Nord","CH","GL","1630",17198
"1632","Glarus","CH","GL","1630",12312
"1711","Zug","CH","ZG","1711",27537
"1701","Baar","CH","ZG","1711",22355
"1702","Cham","CH","ZG","1711",15020
"1703","Hünenberg","CH","ZG","1711",8804
"1708","Steinhausen","CH","ZG","1711",9213
"1706","Oberägeri","CH","ZG","1711",5653
"1707","Risch","CH","ZG","1711",9779
"1709","Unterägeri","CH","ZG","1711",8280
"7","Knonau","CH","ZH","1711",1982
"1064","Meierskappel","CH","LU","1711",1301
"1704","Menzingen","CH","ZG","1711",4335
"1705","Neuheim","CH","ZG","1711",2006
"1710","Walchwil","CH","ZG","1711",3593
"4237","Oberrüti","CH","AG","1711",1411
"2125","Bulle","CH","FR","2125",20177
"2131","Echarlens","CH","FR","2125",767
"2143","Morlon","CH","FR","2125",588
"2148","Riaz","CH","FR","2125",2201
"2160","Vuadens","CH","FR","2125",2153
"2124","Broc","CH","FR","2125",2442
"2145","Le Pâquier (FR)","CH","FR","2125",1109
"2196","Fribourg","CH","FR","2196",36633
"2175","Belfaux","CH","FR","2196",2862
"2183","Corminboeuf","CH","FR","2196",2140
"2197","Givisiez","CH","FR","2196",3043
"2198","Granges-Paccot","CH","FR","2196",2926
"2228","Villars-sur-Glâne","CH","FR","2196",11975
"2171","Arconciel","CH","FR","2196",762
"2172","Autafond","CH","FR","2196",74
"2173","Autigny","CH","FR","2196",710
"2174","Avry","CH","FR","2196",1844
"2177","Chénens","CH","FR","2196",702
"2179","Chésopelloz","CH","FR","2196",126
"2184","Corpataux-Magnedens","CH","FR","2196",1237
"2186","Cottens (FR)","CH","FR","2196",1385
"2189","Ependes (FR)","CH","FR","2196",1095
"2192","Farvagny","CH","FR","2196",2130
"2194","Ferpicloz","CH","FR","2196",278
"2200","Grolley","CH","FR","2196",1858
"2206","Marly","CH","FR","2196",7729
"2208","Matran","CH","FR","2196",1567
"2211","Neyruz (FR)","CH","FR","2196",2321
"2213","Noréaz","CH","FR","2196",597
"2216","Pierrafortscha","CH","FR","2196",149
"2217","Ponthaux","CH","FR","2196",681
"2220","Le Mouret","CH","FR","2196",3022
"2221","Prez-vers-Noréaz","CH","FR","2196",937
"2222","Rossens (FR)","CH","FR","2196",1242
"2225","Senèdes","CH","FR","2196",139
"2226","Treyvaux","CH","FR","2196",1439
"2230","Villarsel-sur-Marly","CH","FR","2196",84
"2233","Hauterive (FR)","CH","FR","2196",2268
"2234","La Brillaz","CH","FR","2196",1777
"2235","La Sonnaz","CH","FR","2196",1002
"2243","Barberêche","CH","FR","2196",514
"2272","Misery-Courtion","CH","FR","2196",1635
"2307","Tentlingen","CH","FR","2196",1228
"2546","Grenchen","CH","SO","2546",16173
"387","Lengnau (BE)","CH","BE","2546",4633
"2543","Bettlach","CH","SO","2546",4834
"2581","Olten","CH","SO","2581",17133
"1147","Wikon","CH","LU","2581",1416
"2497","Obergösgen","CH","SO","2581",2132
"2500","Trimbach","CH","SO","2581",6309
"2501","Winznau","CH","SO","2581",1766
"2573","Dulliken","CH","SO","2581",4725
"2579","Hägendorf","CH","SO","2581",4684
"2580","Kappel (SO)","CH","SO","2581",2989
"2582","Rickenbach (SO)","CH","SO","2581",883
"2584","Starrkirch-Wil","CH","SO","2581",1631
"2586","Wangen bei Olten","CH","SO","2581",4881
"4271","Aarburg","CH","AG","2581",7193
"4274","Brittnau","CH","AG","2581",3777
"4280","Oftringen","CH","AG","2581",12939
"4285","Strengelbach","CH","AG","2581",4660
"4289","Zofingen","CH","AG","2581",10824
"2491","Hauenstein-Ifenthal","CH","SO","2581",316
"2493","Lostorf","CH","SO","2581",3864
"2502","Wisen (SO)","CH","SO","2581",419
"2571","Boningen","CH","SO","2581",730
"4287","Vordemwald","CH","AG","2581",1770
"2601","Solothurn","CH","SO","2601",16465
"2517","Derendingen","CH","SO","2601",6058
"2532","Subingen","CH","SO","2601",2995
"2534","Zuchwil","CH","SO","2601",8715
"2542","Bellach","CH","SO","2601",5151
"2544","Feldbrunnen-St. Niklaus","CH","SO","2601",919
"2550","Langendorf","CH","SO","2601",3756
"2553","Oberdorf (SO)","CH","SO","2601",1651
"2513","Biberist","CH","SO","2601",8125
"2519","Gerlafingen","CH","SO","2601",4888
"2516","Deitingen","CH","SO","2601",2233
"2520","Halten","CH","SO","2601",861
"2524","Hüniken","CH","SO","2601",92
"2526","Lohn-Ammannsegg","CH","SO","2601",2634
"2527","Luterbach","CH","SO","2601",3374
"2528","Obergerlafingen","CH","SO","2601",1116
"2529","Oekingen","CH","SO","2601",771
"2547","Günsberg","CH","SO","2601",1142
"2548","Hubersdorf","CH","SO","2601",734
"2551","Lommiswil","CH","SO","2601",1434
"2554","Riedholz","CH","SO","2601",2193
"2555","Rüttenen","CH","SO","2601",1443
"2701","Basel","CH","BS","2701",165566
"2473","Dornach","CH","SO","2701",6325
"2702","Bettingen","CH","BS","2701",1160
"2703","Riehen","CH","BS","2701",20699
"2761","Aesch (BL)","CH","BL","2701",10220
"2762","Allschwil","CH","BL","2701",19898
"2763","Arlesheim","CH","BL","2701",9073
"2765","Binningen","CH","BL","2701",14817
"2766","Birsfelden","CH","BL","2701",10277
"2767","Bottmingen","CH","BL","2701",6186
"2769","Münchenstein","CH","BL","2701",11715
"2770","Muttenz","CH","BL","2701",17339
"2771","Oberwil (BL)","CH","BL","2701",10721
"2772","Pfeffingen","CH","BL","2701",2210
"2773","Reinach (BL)","CH","BL","2701",18661
"2775","Therwil","CH","BL","2701",9784
"FR_68061","Buschwiller","FR","FR422","2701",952
"FR_68126","Hégenheim","FR","FR422","2701",3164
"FR_68135","Hésingue","FR","FR422","2701",2438
"FR_68149","Huningue","FR","FR422","2701",6584
"FR_68297","Saint-Louis","FR","FR422","2701",19761
"FR_68349","Village-Neuf","FR","FR422","2701",3649
"DE_08336091","Weil am Rhein","DE","DE139","2701",29918
"DE_08336043","Inzlingen","DE","DE139","2701",2472
"DE_08336050","Lörrach","DE","DE139","2701",48380
"2822","Augst","CH","BL","2701",840
"2824","Frenkendorf","CH","BL","2701",6296
"2825","Füllinsdorf","CH","BL","2701",4311
"2828","Lausen","CH","BL","2701",4868
"2829","Liestal","CH","BL","2701",13708
"2831","Pratteln","CH","BL","2701",15282
"2849","Itingen","CH","BL","2701",2018
"4252","Kaiseraugst","CH","AG","2701",5481
"4258","Rheinfelden","CH","AG","2701",12174
"DE_08336084","Steinen","DE","DE139","2701",10143
"DE_08336069","Rheinfelden (Baden)","DE","DE139","2701",32330
"DE_08336057","Maulburg","DE","DE139","2701",4018
"DE_08336081","Schopfheim","DE","DE139","2701",18940
"2471","Bättwil","CH","SO","2701",1186
"2472","Büren (SO)","CH","SO","2701",965
"2474","Gempen","CH","SO","2701",852
"2475","Hochwald","CH","SO","2701",1293
"2476","Hofstetten-Flüh","CH","SO","2701",3114
"2477","Metzerlen-Mariastein","CH","SO","2701",921
"2478","Nuglar-St. Pantaleon","CH","SO","2701",1474
"2479","Rodersdorf","CH","SO","2701",1274
"2480","Seewen","CH","SO","2701",998
"2481","Witterswil","CH","SO","2701",1387
"2611","Bärschwil","CH","SO","2701",819
"2613","Breitenbach","CH","SO","2701",3573
"2614","Büsserach","CH","SO","2701",2052
"2616","Fehren","CH","SO","2701",631
"2618","Himmelried","CH","SO","2701",925
"2619","Kleinlützel","CH","SO","2701",1249
"2620","Meltingen","CH","SO","2701",618
"2621","Nunningen","CH","SO","2701",1851
"2622","Zullwil","CH","SO","2701",618
"2764","Biel-Benken","CH","BL","2701",3182
"2768","Ettingen","CH","BL","2701",4887
"2774","Schönenbuch","CH","BL","2701",1416
"2781","Blauen","CH","BL","2701",675
"2782","Brislach","CH","BL","2701",1610
"2783","Burg im Leimental","CH","BL","2701",256
"2784","Dittingen","CH","BL","2701",753
"2785","Duggingen","CH","BL","2701",1421
"2786","Grellingen","CH","BL","2701",1777
"2787","Laufen","CH","BL","2701",5322
"2789","Nenzlingen","CH","BL","2701",427
"2791","Röschenz","CH","BL","2701",1838
"2792","Wahlen","CH","BL","2701",1343
"2793","Zwingen","CH","BL","2701",2180
"2821","Arisdorf","CH","BL","2701",1612
"2823","Bubendorf","CH","BL","2701",4393
"2826","Giebenach","CH","BL","2701",1029
"2827","Hersberg","CH","BL","2701",316
"2830","Lupsingen","CH","BL","2701",1359
"2832","Ramlinsburg","CH","BL","2701",672
"2833","Seltisberg","CH","BL","2701",1289
"2834","Ziefen","CH","BL","2701",1572
"2842","Böckten","CH","BL","2701",777
"2843","Buckten","CH","BL","2701",686
"2844","Buus","CH","BL","2701",955
"2845","Diepflingen","CH","BL","2701",645
"2846","Gelterkinden","CH","BL","2701",5733
"2848","Hemmiken","CH","BL","2701",272
"2850","Känerkinden","CH","BL","2701",479
"2853","Maisprach","CH","BL","2701",929
"2854","Nusshof","CH","BL","2701",249
"2856","Ormalingen","CH","BL","2701",1976
"2857","Rickenbach (BL)","CH","BL","2701",575
"2859","Rümlingen","CH","BL","2701",368
"2860","Rünenberg","CH","BL","2701",764
"2861","Sissach","CH","BL","2701",6256
"2862","Tecknau","CH","BL","2701",856
"2863","Tenniken","CH","BL","2701",867
"2864","Thürnen","CH","BL","2701",1353
"2865","Wenslingen","CH","BL","2701",699
"2866","Wintersingen","CH","BL","2701",615
"2867","Wittinsburg","CH","BL","2701",412
"2869","Zunzgen","CH","BL","2701",2492
"2881","Arboldswil","CH","BL","2701",529
"2882","Bennwil","CH","BL","2701",641
"2883","Bretzwil","CH","BL","2701",765
"2884","Diegten","CH","BL","2701",1555
"2886","Hölstein","CH","BL","2701",2363
"2887","Lampenberg","CH","BL","2701",517
"2889","Lauwil","CH","BL","2701",322
"2891","Niederdorf","CH","BL","2701",1748
"2892","Oberdorf (BL)","CH","BL","2701",2335
"2893","Reigoldswil","CH","BL","2701",1545
"2894","Titterten","CH","BL","2701",412
"4251","Hellikon","CH","AG","2701",781
"4253","Magden","CH","AG","2701",3790
"4254","Möhlin","CH","AG","2701",10455
"4255","Mumpf","CH","AG","2701",1289
"4256","Obermumpf","CH","AG","2701",1000
"4257","Olsberg","CH","AG","2701",356
"4262","Wegenstetten","CH","AG","2701",1035
"4263","Zeiningen","CH","AG","2701",2220
"4264","Zuzgen","CH","AG","2701",851
"FR_68027","Berentzwiller","FR","FR422","2701",323
"FR_68080","Emlingen","FR","FR422","2701",267
"FR_68096","Franken","FR","FR422","2701",350
"FR_68124","Hausgauen","FR","FR422","2701",432
"FR_68131","Heiwiller","FR","FR422","2701",187
"FR_68148","Hundsbach","FR","FR422","2701",303
"FR_68158","Jettingen","FR","FR422","2701",506
"FR_68333","Tagsdorf","FR","FR422","2701",331
"FR_68025","Bendorf","FR","FR422","2701",231
"FR_68034","Bettlach","FR","FR422","2701",330
"FR_68035","Biederthal","FR","FR422","2701",329
"FR_68049","Bouxwiller","FR","FR422","2701",457
"FR_68075","Durmenach","FR","FR422","2701",938
"FR_68090","Ferrette","FR","FR422","2701",873
"FR_68092","Fislis","FR","FR422","2701",432
"FR_68169","Koestlach","FR","FR422","2701",516
"FR_68186","Ligsdorf","FR","FR422","2701",337
"FR_68187","Linsdorf","FR","FR422","2701",315
"FR_68194","Lutter","FR","FR422","2701",299
"FR_68221","Muespach","FR","FR422","2701",869
"FR_68222","Muespach-le-Haut","FR","FR422","2701",998
"FR_68248","Oltingue","FR","FR422","2701",735
"FR_68259","Raedersdorf","FR","FR422","2701",505
"FR_68284","Roppentzwiller","FR","FR422","2701",738
"FR_68312","Sondersdorf","FR","FR422","2701",349
"FR_68347","Vieux-Ferrette","FR","FR422","2701",598
"FR_68363","Werentzhouse","FR","FR422","2701",579
"FR_68380","Wolschwiller","FR","FR422","2701",473
"FR_68087","Feldbach","FR","FR422","2701",458
"FR_68108","Grentzingen","FR","FR422","2701",542
"FR_68133","Henflingen","FR","FR422","2701",195
"FR_68240","Oberdorf","FR","FR422","2701",568
"FR_68273","Riespach","FR","FR422","2701",723
"FR_68325","Steinsoultz","FR","FR422","2701",781
"FR_68355","Waldighofen","FR","FR422","2701",1483
"FR_68013","Attenschwiller","FR","FR422","2701",895
"FR_68042","Blotzheim","FR","FR422","2701",4042
"FR_68094","Folgensbourg","FR","FR422","2701",801
"FR_68120","Hagenthal-le-Bas","FR","FR422","2701",1072
"FR_68121","Hagenthal-le-Haut","FR","FR422","2701",601
"FR_68168","Knoeringue","FR","FR422","2701",350
"FR_68182","Leymen","FR","FR422","2701",1122
"FR_68183","Liebenswiller","FR","FR422","2701",196
"FR_68207","Michelbach-le-Bas","FR","FR422","2701",706
"FR_68208","Michelbach-le-Haut","FR","FR422","2701",500
"FR_68232","Neuwiller","FR","FR422","2701",526
"FR_68263","Ranspach-le-Bas","FR","FR422","2701",665
"FR_68264","Ranspach-le-Haut","FR","FR422","2701",582
"FR_68286","Rosenau","FR","FR422","2701",2084
"FR_68362","Wentzwiller","FR","FR422","2701",716
"FR_68021","Bartenheim","FR","FR422","2701",3594
"FR_68054","Brinckheim","FR","FR422","2701",348
"FR_68103","Geispitzen","FR","FR422","2701",429
"FR_68132","Helfrantzkirch","FR","FR422","2701",785
"FR_68160","Kappelen","FR","FR422","2701",518
"FR_68163","Kembs","FR","FR422","2701",4437
"FR_68170","Koetzingue","FR","FR422","2701",559
"FR_68197","Magstatt-le-Bas","FR","FR422","2701",467
"FR_68198","Magstatt-le-Haut","FR","FR422","2701",270
"FR_68265","Rantzwiller","FR","FR422","2701",794
"FR_68309","Sierentz","FR","FR422","2701",2847
"FR_68327","Stetten","FR","FR422","2701",308
"FR_68341","Uffheim","FR","FR422","2701",888
"FR_68353","Wahlbach","FR","FR422","2701",474
"FR_68357","Waltenheim","FR","FR422","2701",561
"FR_68382","Zaessingue","FR","FR422","2701",313
"FR_68238","Niffer","FR","FR422","2701",943
"FR_68254","Petit-Landau","FR","FR422","2701",723
"DE_08336014","Efringen-Kirchen","DE","DE139","2701",8164
"DE_08336105","Grenzach-Wyhlen","DE","DE139","2701",14027
"DE_08336107","Kleines Wiesental","DE","DE139","2701",2928
"DE_08336045","Kandern","DE","DE139","2701",8103
"DE_08336104","Malsburg-Marzell","DE","DE139","2701",1507
"DE_08336082","Schwörstadt","DE","DE139","2701",2407
"DE_08336006","Bad Bellingen","DE","DE139","2701",3894
"DE_08336034","Hasel","DE","DE139","2701",1119
"DE_08336036","Hausen im Wiesental","DE","DE139","2701",2359
"DE_08336008","Binzen","DE","DE139","2701",2886
"DE_08336019","Eimeldingen","DE","DE139","2701",2439
"DE_08336024","Fischingen","DE","DE139","2701",701
"DE_08336073","Rümmingen","DE","DE139","2701",1636
"DE_08336075","Schallbach","DE","DE139","2701",711
"DE_08336100","Wittlingen","DE","DE139","2701",965
"DE_08336103","Zell im Wiesental","DE","DE139","2701",5937
"DE_08336106","Häg-Ehrsberg","DE","DE139","2701",889
"2939","Schaffhausen","CH","SH","2939",35413
"27","Feuerthalen","CH","ZH","2939",3464
"29","Flurlingen","CH","ZH","2939",1414
"2937","Neuhausen am Rheinfall","CH","SH","2939",10220
"34","Laufen-Uhwiesen","CH","ZH","2939",1558
"2903","Löhningen","CH","SH","2939",1376
"2914","Büttenhardt","CH","SH","2939",356
"2915","Dörflingen","CH","SH","2939",907
"2917","Lohn (SH)","CH","SH","2939",704
"2919","Stetten (SH)","CH","SH","2939",1266
"2920","Thayngen","CH","SH","2939",5034
"2931","Bargen (SH)","CH","SH","2939",283
"2932","Beringen","CH","SH","2939",4016
"2936","Merishausen","CH","SH","2939",820
"2953","Siblingen","CH","SH","2939",797
"DE_08335015","Büsingen am Hochrhein","DE","DE138","2939",1396
"3203","St. Gallen","CH","SG","3203",74111
"3204","Wittenbach","CH","SG","3203",9572
"3442","Gaiserwald","CH","SG","3203",8018
"3443","Gossau (SG)","CH","SG","3203",17941
"3001","Herisau","CH","AR","3203",15222
"3002","Hundwil","CH","AR","3203",974
"3003","Schönengrund","CH","AR","3203",492
"3004","Schwellbrunn","CH","AR","3203",1476
"3005","Stein (AR)","CH","AR","3203",1357
"3007","Waldstatt","CH","AR","3203",1778
"3023","Speicher","CH","AR","3203",4183
"3024","Teufen (AR)","CH","AR","3203",5975
"3025","Trogen","CH","AR","3203",1679
"3034","Rehetobel","CH","AR","3203",1709
"3201","Häggenschwil","CH","SG","3203",1214
"3202","Muolen","CH","SG","3203",1178
"3211","Berg (SG)","CH","SG","3203",835
"3212","Eggersriet","CH","SG","3203",2238
"3214","Mörschwil","CH","SG","3203",3576
"3219","Untereggen","CH","SG","3203",1039
"3441","Andwil (SG)","CH","SG","3203",1887
"3444","Waldkirch","CH","SG","3203",3439
"4431","Roggwil (TG)","CH","TG","3203",2902
"3251","Altstätten","CH","SG","3251",11075
"AT_80301","Dornbirn","AT","AT342","3251",45261
"AT_80303","Lustenau","AT","AT342","3251",21077
"AT_80404","Feldkirch","AT","AT342","3251",30636
"3231","Au (SG)","CH","SG","3251",7097
"3232","Balgach","CH","SG","3251",4530
"3233","Berneck","CH","SG","3251",3763
"3234","Diepoldsau","CH","SG","3251",5957
"3236","St. Margrethen","CH","SG","3251",5742
"3238","Widnau","CH","SG","3251",8864
"3253","Marbach (SG)","CH","SG","3251",2074
"3255","Rebstein","CH","SG","3251",4390
"AT_80205","Bildstein","AT","AT342","3251",715
"AT_80207","Bregenz","AT","AT342","3251",27456
"AT_80213","Fußach","AT","AT342","3251",3646
"AT_80215","Hard","AT","AT342","3251",12499
"AT_80217","Höchst","AT","AT342","3251",7772
"AT_80220","Kennelbach","AT","AT342","3251",1870
"AT_80224","Lauterach","AT","AT342","3251",9289
"AT_80235","Schwarzach","AT","AT342","3251",3606
"AT_80240","Wolfurt","AT","AT342","3251",8107
"AT_80302","Hohenems","AT","AT342","3251",15163
"AT_80401","Altach","AT","AT342","3251",6363
"AT_80408","Götzis","AT","AT342","3251",10651
"AT_80409","Klaus","AT","AT342","3251",3082
"AT_80410","Koblach","AT","AT342","3251",4147
"AT_80412","Mäder","AT","AT342","3251",3647
"AT_80414","Rankweil","AT","AT342","3251",11577
"AT_80416","Röthis","AT","AT342","3251",1957
"AT_80420","Sulz","AT","AT342","3251",2357
"AT_80423","Weiler","AT","AT342","3251",1976
"AT_80424","Zwischenwasser","AT","AT342","3251",3134
"3252","Eichberg","CH","SG","3251",1508
"AT_80201","Alberschwende","AT","AT342","3251",3108
"AT_80208","Buch","AT","AT342","3251",549
"AT_80210","Doren","AT","AT342","3251",1031
"AT_80212","Eichenberg","AT","AT342","3251",376
"AT_80214","Gaißau","AT","AT342","3251",1645
"AT_80218","Hörbranz","AT","AT342","3251",6349
"AT_80219","Hohenweiler","AT","AT342","3251",1276
"AT_80221","Krumbach","AT","AT341","3251",995
"AT_80222","Langen bei Bregenz","AT","AT342","3251",1317
"AT_80223","Langenegg","AT","AT341","3251",1064
"AT_80225","Lingenau","AT","AT341","3251",1311
"AT_80226","Lochau","AT","AT342","3251",5372
"AT_80229","Möggers","AT","AT342","3251",532
"AT_80238","Sulzberg","AT","AT342","3251",1763
"AT_80402","Düns","AT","AT342","3251",399
"AT_80405","Frastanz","AT","AT342","3251",6200
"AT_80406","Fraxern","AT","AT342","3251",665
"AT_80407","Göfis","AT","AT342","3251",3033
"AT_80411","Laterns","AT","AT342","3251",711
"AT_80413","Meiningen","AT","AT342","3251",2023
"AT_80417","Satteins","AT","AT342","3251",2562
"AT_80421","Übersaxen","AT","AT342","3251",612
"AT_80422","Viktorsberg","AT","AT342","3251",379
"3271","Buchs (SG)","CH","SG","3271",11536
"LI_7001","Vaduz","LI","LI","3271",5236
"LI_7005","Schaan","LI","LI","3271",5853
"3273","Grabs","CH","SG","3271",6943
"LI_7002","Triesen","LI","LI","3271",4834
"3272","Gams","CH","SG","3271",3180
"3275","Sevelen","CH","SG","3271",4676
"LI_7003","Balzers","LI","LI","3271",4526
"LI_7004","Triesenberg","LI","LI","3271",2611
"LI_7006","Planken","LI","LI","3271",423
"LI_7007","Eschen","LI","LI","3271",4249
"LI_7008","Mauren","LI","LI","3271",4012
"LI_7009","Gamprin","LI","LI","3271",1641
"LI_7010","Ruggell","LI","LI","3271",2057
"LI_7011","Schellenberg","LI","LI","3271",1033
"118","Rüti (ZH)","CH","ZH","3336",11968
"3340","Rapperswil-Jona","CH","SG","3336",26354
"113","Dürnten","CH","ZH","3336",7164
"3408","Uzwil","CH","SG","3425",12726
"3427","Wil (SG)","CH","SG","3425",22985
"4761","Sirnach","CH","TG","3425",7363
"3407","Oberuzwil","CH","SG","3425",6011
"3424","Oberbüren","CH","SG","3425",4172
"4724","Eschlikon","CH","TG","3425",4067
"4746","Münchwilen (TG)","CH","TG","3425",5031
"4751","Rickenbach (TG)","CH","TG","3425",2610
"4786","Wilen (TG)","CH","TG","3425",2157
"3405","Jonschwil","CH","SG","3425",3720
"3901","Chur","CH","GR","3901",34087
"3941","Haldenstein","CH","GR","3901",1003
"3721","Bonaduz","CH","GR","3901",2912
"3722","Domat/Ems","CH","GR","3901",7448
"3723","Rhäzüns","CH","GR","3901",1344
"3731","Felsberg","CH","GR","3901",2361
"3733","Tamins","CH","GR","3901",1222
"3926","Maladers","CH","GR","3901",502
"3932","Tschiertschen-Praden","CH","GR","3901",311
"3945","Trimmis","CH","GR","3901",3100
"3946","Untervaz","CH","GR","3901",2407
"4001","Aarau","CH","AG","4001",20103
"2503","Erlinsbach (SO)","CH","SO","4001",3263
"2574","Eppenberg-Wöschnau","CH","SO","4001",316
"4003","Buchs (AG)","CH","AG","4001",7262
"4005","Erlinsbach (AG)","CH","AG","4001",3762
"4006","Gränichen","CH","AG","4001",7163
"4008","Küttigen","CH","AG","4001",5866
"4012","Suhr","CH","AG","4001",9673
"4010","Oberentfelden","CH","AG","4001",7663
"4013","Unterentfelden","CH","AG","4001",4004
"4002","Biberstein","CH","AG","4001",1481
"4009","Muhen","CH","AG","4001",3688
"4021","Baden","CH","AG","4021",18522
"4095","Brugg","CH","AG","4021",10611
"4026","Ennetbaden","CH","AG","4021",3167
"4029","Gebenstorf","CH","AG","4021",4801
"4034","Neuenhof","CH","AG","4021",8360
"4038","Obersiggenthal","CH","AG","4021",8450
"4042","Turgi","CH","AG","4021",2937
"4044","Untersiggenthal","CH","AG","4021",6876
"4045","Wettingen","CH","AG","4021",20135
"4100","Hausen (AG)","CH","AG","4021",3117
"4123","Windisch","CH","AG","4021",6732
"4027","Fislisbach","CH","AG","4021",5441
"4037","Oberrohrdorf","CH","AG","4021",3929
"4110","Remigen","CH","AG","4021",1064
"4111","Riniken","CH","AG","4021",1464
"4082","Wohlen (AG)","CH","AG","4082",14879
"4080","Villmergen","CH","AG","4082",6448
"4201","Lenzburg","CH","AG","4201",8626
"4199","Holderbank (AG)","CH","AG","4201",1001
"4203","Möriken-Wildegg","CH","AG","4201",4209
"4204","Niederlenz","CH","AG","4201",4333
"4210","Staufen","CH","AG","4201",2585
"4260","Stein (AG)","CH","AG","4260",2978
"DE_08337096","Bad Säckingen","DE","DE13A","4260",16765
"4172","Münchwilen (AG)","CH","AG","4260",893
"4261","Wallbach","CH","AG","4260",1844
"4401","Arbon","CH","TG","4401",14012
"3213","Goldach","CH","SG","4401",9151
"3215","Rorschach","CH","SG","4401",8918
"3216","Rorschacherberg","CH","SG","4401",7027
"3217","Steinach","CH","SG","4401",3402
"3218","Tübach","CH","SG","4401",1286
"3237","Thal","CH","SG","4401",6351
"4421","Horn","CH","TG","4401",2587
"4436","Romanshorn","CH","TG","4436",10353
"4461","Amriswil","CH","TG","4436",12619
"4441","Salmsach","CH","TG","4436",1350
"4566","Frauenfeld","CH","TG","4566",24119
"4671","Kreuzlingen","CH","TG","4671",20520
"DE_08335043","Konstanz, Universitätsstadt","DE","DE138","4671",84693
"4643","Bottighofen","CH","TG","4671",2117
"DE_08335002","Allensbach","DE","DE138","4671",7106
"DE_08335066","Reichenau","DE","DE138","4671",5185
"5002","Bellinzona","CH","TI","5002",17744
"5001","Arbedo-Castione","CH","TI","5002",4437
"5004","Camorino","CH","TI","5002",2731
"5005","Giubiasco","CH","TI","5002",8460
"5007","Gorduno","CH","TI","5002",727
"5013","Monte Carasso","CH","TI","5002",2734
"5014","Pianezzo","CH","TI","5002",591
"5019","Sementina","CH","TI","5002",3111
"3804","Buseno","CH","GR","5002",94
"3810","Santa Maria in Calanca","CH","GR","5002",117
"3811","Selma","CH","GR","5002",33
"3835","San Vittore","CH","GR","5002",742
"5006","Gnosca","CH","TI","5002",720
"5008","Gudo","CH","TI","5002",803
"5010","Lumino","CH","TI","5002",1373
"5012","Moleno","CH","TI","5002",116
"5015","Preonzo","CH","TI","5002",600
"5017","Sant'Antonino","CH","TI","5002",2288
"5018","Sant'Antonio","CH","TI","5002",222
"5282","Claro","CH","TI","5002",2709
"5113","Locarno","CH","TI","5113",15483
"5091","Ascona","CH","TI","5113",5450
"5096","Brione sopra Minusio","CH","TI","5113",539
"5115","Losone","CH","TI","5113",6414
"5118","Minusio","CH","TI","5113",7212
"5120","Muralto","CH","TI","5113",2818
"5121","Orselina","CH","TI","5113",761
"5102","Corippo","CH","TI","5113",12
"5108","Gordola","CH","TI","5113",4410
"5117","Mergoscia","CH","TI","5113",212
"5125","Ronco sopra Ascona","CH","TI","5113",675
"5131","Tenero-Contra","CH","TI","5113",2660
"5137","Isorno","CH","TI","5113",335
"5317","Maggia","CH","TI","5113",2539
"5324","Avegno Gordevio","CH","TI","5113",1459
"5396","Terre di Pedemonte","CH","TI","5113",2566
"5397","Centovalli","CH","TI","5113",1192
"IT_103020","Cavaglio-Spoccia","IT","ITC14","5113",256
"IT_103060","Re","IT","ITC14","5113",757
"5192","Lugano","CH","TI","5192",61837
"5141","Agno","CH","TI","5192",4174
"5148","Bedano","CH","TI","5192",1507
"5151","Bioggio","CH","TI","5192",2431
"5162","Cadempino","CH","TI","5192",1496
"5167","Canobbio","CH","TI","5192",1963
"5171","Caslano","CH","TI","5192",4259
"5176","Comano","CH","TI","5192",2017
"5180","Cureglia","CH","TI","5192",1303
"5186","Grancia","CH","TI","5192",496
"5187","Gravesano","CH","TI","5192",1222
"5189","Lamone","CH","TI","5192",1710
"5193","Magliaso","CH","TI","5192",1467
"5194","Manno","CH","TI","5192",1244
"5196","Massagno","CH","TI","5192",5942
"5205","Muzzano","CH","TI","5192",823
"5206","Neggio","CH","TI","5192",322
"5210","Paradiso","CH","TI","5192",3740
"5214","Porza","CH","TI","5192",1524
"5216","Pura","CH","TI","5192",1383
"5221","Savosa","CH","TI","5192",2142
"5225","Sorengo","CH","TI","5192",1861
"5227","Torricella-Taverne","CH","TI","5192",3071
"5230","Vernate","CH","TI","5192",581
"5231","Vezia","CH","TI","5192",1932
"5236","Collina d'Oro","CH","TI","5192",4439
"5213","Ponte Tresa","CH","TI","5192",775
"IT_012027","Cadegliano-Viconago","IT","ITC41","5192",1871
"IT_012059","Cugliate-Fabiasco","IT","ITC41","5192",3075
"IT_012086","Lavena Ponte Tresa","IT","ITC41","5192",5423
"IT_012097","Marchirolo","IT","ITC41","5192",3387
"5143","Aranno","CH","TI","5192",326
"5144","Arogno","CH","TI","5192",948
"5146","Astano","CH","TI","5192",293
"5149","Bedigliora","CH","TI","5192",632
"5154","Bissone","CH","TI","5192",889
"5161","Cademario","CH","TI","5192",718
"5178","Croglio","CH","TI","5192",822
"5181","Curio","CH","TI","5192",537
"5195","Maroggia","CH","TI","5192",575
"5197","Melano","CH","TI","5192",1359
"5198","Melide","CH","TI","5192",1669
"5199","Mezzovico-Vira","CH","TI","5192",1297
"5200","Miglieglia","CH","TI","5192",286
"5202","Monteggio","CH","TI","5192",888
"5203","Morcote","CH","TI","5192",729
"5207","Novaggio","CH","TI","5192",807
"5208","Origlio","CH","TI","5192",1405
"5212","Ponte Capriasca","CH","TI","5192",1761
"5219","Rovio","CH","TI","5192",786
"5222","Sessa","CH","TI","5192",681
"5226","Capriasca","CH","TI","5192",6366
"5233","Vico Morcote","CH","TI","5192",370
"5237","Alto Malcantone","CH","TI","5192",1344
"5238","Monteceneri","CH","TI","5192",4427
"IT_012056","Cremenaga","IT","ITC41","5192",768
"IT_013021","Bene Lario","IT","ITC42","5192",342
"IT_013040","Campione d'Italia","IT","ITC42","5192",2161
"IT_013047","Carlazzo","IT","ITC42","5192",2974
"IT_013062","Cavargna","IT","ITC42","5192",242
"IT_013071","Claino con Osteno","IT","ITC42","5192",544
"IT_013077","Corrido","IT","ITC42","5192",841
"IT_013085","Cusino","IT","ITC42","5192",239
"IT_013189","Porlezza","IT","ITC42","5192",4664
"IT_013204","San Bartolomeo Val Cavargna","IT","ITC42","5192",1041
"IT_013207","San Nazzaro Val Cavargna","IT","ITC42","5192",338
"IT_013233","Val Rezzo","IT","ITC42","5192",179
"IT_013234","Valsolda","IT","ITC42","5192",1651
"5254","Mendrisio","CH","TI","5250",14499
"IT_013075","Como","IT","ITC42","5250",82037
"5242","Balerna","CH","TI","5250",3303
"5249","Castel San Pietro","CH","TI","5250",2050
"5250","Chiasso","CH","TI","5250",7933
"5251","Coldrerio","CH","TI","5250",2711
"5257","Morbio Inferiore","CH","TI","5250",4624
"5260","Novazzano","CH","TI","5250",2409
"5263","Riva San Vitale","CH","TI","5250",2539
"5268","Vacallo","CH","TI","5250",3112
"IT_013003","Albavilla","IT","ITC42","5250",6263
"IT_013004","Albese con Cassano","IT","ITC42","5250",4167
"IT_013006","Alserio","IT","ITC42","5250",1176
"IT_013007","Alzate Brianza","IT","ITC42","5250",5022
"IT_013009","Anzano del Parco","IT","ITC42","5250",1759
"IT_013032","Brunate","IT","ITC42","5250",1769
"IT_013061","Cavallasca","IT","ITC42","5250",2916
"IT_013065","Cernobbio","IT","ITC42","5250",6839
"IT_013109","Gironico","IT","ITC42","5250",2256
"IT_013129","Lipomo","IT","ITC42","5250",5810
"IT_013144","Maslianico","IT","ITC42","5250",3307
"IT_013170","Orsenigo","IT","ITC42","5250",2762
"IT_013175","Parè","IT","ITC42","5250",1751
"IT_013206","San Fermo della Battaglia","IT","ITC42","5250",4470
"IT_013222","Tavernerio","IT","ITC42","5250",5718
"IT_013135","Luisago","IT","ITC42","5250",2692
"IT_013154","Montano Lucino","IT","ITC42","5250",4778
"IT_013245","Villa Guardia","IT","ITC42","5250",7801
"5160","Brusino Arsizio","CH","TI","5250",469
"5266","Stabio","CH","TI","5250",4418
"5269","Breggia","CH","TI","5250",1959
"IT_013026","Blevio","IT","ITC42","5250",1192
"IT_013030","Brienno","IT","ITC42","5250",403
"IT_013044","Carate Urio","IT","ITC42","5250",1218
"IT_013053","Casnate con Bernate","IT","ITC42","5250",4918
"IT_013087","Dizzasco","IT","ITC42","5250",565
"IT_013093","Drezzo","IT","ITC42","5250",1231
"IT_013098","Faggeto Lario","IT","ITC42","5250",1236
"IT_013110","Grandate","IT","ITC42","5250",2862
"IT_013119","Laglio","IT","ITC42","5250",918
"IT_013152","Moltrasio","IT","ITC42","5250",1639
"IT_013157","Montorfano","IT","ITC42","5250",2612
"IT_013161","Nesso","IT","ITC42","5250",1247
"IT_013184","Pigra","IT","ITC42","5250",266
"IT_013186","Pognana Lario","IT","ITC42","5250",765
"IT_013197","Rodero","IT","ITC42","5250",1210
"IT_013199","Ronago","IT","ITC42","5250",1755
"IT_013211","Schignano","IT","ITC42","5250",875
"IT_013223","Torno","IT","ITC42","5250",1207
"5586","Lausanne","CH","VD","5586",130421
"5581","Belmont-sur-Lausanne","CH","VD","5586",3474
"5583","Crissier","CH","VD","5586",7402
"5584","Epalinges","CH","VD","5586",8790
"5585","Jouxtens-Mézery","CH","VD","5586",1353
"5587","Le Mont-sur-Lausanne","CH","VD","5586",6291
"5588","Paudex","CH","VD","5586",1399
"5589","Prilly","CH","VD","5586",11709
"5590","Pully","CH","VD","5586",17368
"5591","Renens (VD)","CH","VD","5586",20232
"5592","Romanel-sur-Lausanne","CH","VD","5586",3286
"5606","Lutry","CH","VD","5586",9465
"5624","Bussigny-près-Lausanne","CH","VD","5586",8122
"5627","Chavannes-près-Renens","CH","VD","5586",7058
"5628","Chigny","CH","VD","5586",331
"5632","Denges","CH","VD","5586",1555
"5633","Echandens","CH","VD","5586",2210
"5635","Ecublens (VD)","CH","VD","5586",11427
"5638","Lonay","CH","VD","5586",2419
"5642","Morges","CH","VD","5586",14994
"5643","Préverenges","CH","VD","5586",5076
"5648","Saint-Sulpice (VD)","CH","VD","5586",3305
"5649","Tolochenaz","CH","VD","5586",1706
"5651","Villars-Sainte-Croix","CH","VD","5586",658
"2061","Auboranges","CH","FR","5586",275
"2066","Chapelle (Glâne)","CH","FR","5586",258
"2072","Ecublens (FR)","CH","FR","5586",304
"2089","Montet (Glâne)","CH","FR","5586",364
"5421","Apples","CH","VD","5586",1241
"5423","Ballens","CH","VD","5586",468
"5431","Mollens (VD)","CH","VD","5586",295
"5471","Bettens","CH","VD","5586",405
"5472","Bournens","CH","VD","5586",324
"5473","Boussens","CH","VD","5586",913
"5474","La Chaux (Cossonay)","CH","VD","5586",397
"5475","Chavannes-le-Veyron","CH","VD","5586",127
"5476","Chevilly","CH","VD","5586",246
"5477","Cossonay","CH","VD","5586",3437
"5478","Cottens (VD)","CH","VD","5586",457
"5479","Cuarnens","CH","VD","5586",384
"5480","Daillens","CH","VD","5586",913
"5481","Dizy","CH","VD","5586",213
"5482","Eclépens","CH","VD","5586",1012
"5483","Ferreyres","CH","VD","5586",299
"5484","Gollion","CH","VD","5586",727
"5485","Grancy","CH","VD","5586",397
"5486","L'Isle","CH","VD","5586",989
"5487","Lussery-Villars","CH","VD","5586",374
"5488","Mauraz","CH","VD","5586",56
"5489","Mex (VD)","CH","VD","5586",639
"5492","Montricher","CH","VD","5586",852
"5493","Orny","CH","VD","5586",368
"5494","Pampigny","CH","VD","5586",1068
"5495","Penthalaz","CH","VD","5586",2997
"5496","Penthaz","CH","VD","5586",1649
"5498","La Sarraz","CH","VD","5586",2363
"5499","Senarclens","CH","VD","5586",431
"5500","Sévery","CH","VD","5586",210
"5501","Sullens","CH","VD","5586",875
"5503","Vufflens-la-Ville","CH","VD","5586",1183
"5511","Assens","CH","VD","5586",1016
"5512","Bercher","CH","VD","5586",1135
"5513","Bioley-Orjulaz","CH","VD","5586",460
"5514","Bottens","CH","VD","5586",1188
"5515","Bretigny-sur-Morrens","CH","VD","5586",739
"5516","Cugy (VD)","CH","VD","5586",2548
"5518","Echallens","CH","VD","5586",5368
"5521","Etagnières","CH","VD","5586",1035
"5522","Fey","CH","VD","5586",589
"5523","Froideville","CH","VD","5586",1989
"5527","Morrens (VD)","CH","VD","5586",988
"5529","Oulens-sous-Echallens","CH","VD","5586",519
"5531","Penthéréaz","CH","VD","5586",374
"5533","Poliez-Pittet","CH","VD","5586",721
"5534","Rueyres","CH","VD","5586",251
"5535","Saint-Barthélemy (VD)","CH","VD","5586",760
"5537","Villars-le-Terroir","CH","VD","5586",830
"5539","Vuarrens","CH","VD","5586",844
"5540","Montilliez","CH","VD","5586",1552
"5541","Goumoëns","CH","VD","5586",888
"5582","Cheseaux-sur-Lausanne","CH","VD","5586",3955
"5601","Chexbres","CH","VD","5586",2081
"5604","Forel (Lavaux)","CH","VD","5586",2007
"5607","Puidoux","CH","VD","5586",2770
"5609","Rivaz","CH","VD","5586",341
"5610","Saint-Saphorin (Lavaux)","CH","VD","5586",332
"5611","Savigny","CH","VD","5586",3354
"5613","Bourg-en-Lavaux","CH","VD","5586",4995
"5621","Aclens","CH","VD","5586",498
"5622","Bremblens","CH","VD","5586",487
"5625","Bussy-Chardonney","CH","VD","5586",387
"5629","Clarmont","CH","VD","5586",145
"5631","Denens","CH","VD","5586",673
"5634","Echichens","CH","VD","5586",2506
"5639","Lully (VD)","CH","VD","5586",758
"5640","Lussy-sur-Morges","CH","VD","5586",643
"5644","Reverolle","CH","VD","5586",350
"5645","Romanel-sur-Morges","CH","VD","5586",472
"5646","Saint-Prex","CH","VD","5586",5451
"5650","Vaux-sur-Morges","CH","VD","5586",171
"5652","Villars-sous-Yens","CH","VD","5586",553
"5653","Vufflens-le-Château","CH","VD","5586",798
"5654","Vullierens","CH","VD","5586",429
"5655","Yens","CH","VD","5586",1150
"5661","Boulens","CH","VD","5586",296
"5663","Bussy-sur-Moudon","CH","VD","5586",187
"5665","Chavannes-sur-Moudon","CH","VD","5586",213
"5666","Chesalles-sur-Moudon","CH","VD","5586",147
"5673","Hermenches","CH","VD","5586",362
"5680","Ogens","CH","VD","5586",268
"5684","Rossenges","CH","VD","5586",60
"5688","Syens","CH","VD","5586",136
"5692","Vucherens","CH","VD","5586",518
"5693","Montanaire","CH","VD","5586",2322
"5746","Bavois","CH","VD","5586",774
"5749","Chavornay","CH","VD","5586",3783
"5751","Corcelles-sur-Chavornay","CH","VD","5586",347
"5752","Croy","CH","VD","5586",315
"5782","Carrouge (VD)","CH","VD","5586",1025
"5785","Corcelles-le-Jorat","CH","VD","5586",423
"5788","Essertes","CH","VD","5586",327
"5789","Ferlens (VD)","CH","VD","5586",319
"5790","Maracon","CH","VD","5586",455
"5791","Mézières (VD)","CH","VD","5586",1148
"5792","Montpreveyres","CH","VD","5586",535
"5798","Ropraz","CH","VD","5586",368
"5799","Servion","CH","VD","5586",1823
"5803","Vulliens","CH","VD","5586",420
"5804","Jorat-Menthue","CH","VD","5586",1361
"5805","Oron","CH","VD","5586",4868
"5903","Bioley-Magnoux","CH","VD","5586",153
"5886","Montreux","CH","VD","5890",25456
"5890","Vevey","CH","VD","5890",18594
"5881","Blonay","CH","VD","5890",6023
"5882","Chardonne","CH","VD","5890",2772
"5883","Corseaux","CH","VD","5890",2142
"5884","Corsier-sur-Vevey","CH","VD","5890",3333
"5885","Jongny","CH","VD","5890",1449
"5888","Saint-Légier-La Chiésaz","CH","VD","5890",5019
"5889","La Tour-de-Peilz","CH","VD","5890",10828
"5891","Veytaux","CH","VD","5890",828
"5414","Villeneuve (VD)","CH","VD","5890",5057
"5938","Yverdon-les-Bains","CH","VD","5938",28486
"5909","Cheseaux-Noréaz","CH","VD","5938",663
"5922","Montagny-près-Yverdon","CH","VD","5938",704
"5933","Valeyres-sous-Montagny","CH","VD","5938",665
"5561","Grandson","CH","VD","5938",3163
"5904","Chamblon","CH","VD","5938",550
"5905","Champvent","CH","VD","5938",598
"5924","Orges","CH","VD","5938",258
"5926","Pomy","CH","VD","5938",694
"5931","Treycovagnes","CH","VD","5938",473
"5935","Villars-Epeney","CH","VD","5938",79
"5937","Vugelles-La Mothe","CH","VD","5938",118
"5939","Yvonand","CH","VD","5938",2731
"6002","Brig-Glis","CH","VS","6002",12728
"6297","Visp","CH","VS","6002",7281
"6007","Naters","CH","VS","6002",9254
"6281","Baltschieder","CH","VS","6002",1237
"6286","Lalden","CH","VS","6002",662
"6004","Eggerberg","CH","VS","6002",342
"6008","Ried-Brig","CH","VS","6002",1989
"6010","Termen","CH","VS","6002",858
"6011","Zwischbergen","CH","VS","6002",87
"6172","Bister","CH","VS","6002",30
"6173","Bitsch","CH","VS","6002",852
"6177","Grengiols","CH","VS","6002",466
"6191","Ausserberg","CH","VS","6002",635
"6193","Bürchen","CH","VS","6002",724
"6194","Eischoll","CH","VS","6002",454
"6198","Niedergesteln","CH","VS","6002",684
"6199","Raron","CH","VS","6002",1865
"6201","Unterbäch","CH","VS","6002",409
"6203","Mörel-Filet","CH","VS","6002",680
"6282","Eisten","CH","VS","6002",216
"6283","Embd","CH","VS","6002",311
"6293","Stalden (VS)","CH","VS","6002",1121
"6294","Staldenried","CH","VS","6002",551
"6296","Törbel","CH","VS","6002",484
"6298","Visperterminen","CH","VS","6002",1401
"6299","Zeneggen","CH","VS","6002",268
"6136","Martigny","CH","VS","6136",16897
"6137","Martigny-Combe","CH","VS","6136",2310
"6131","Bovernier","CH","VS","6136",868
"6153","Monthey","CH","VS","6153",16880
"6152","Collombey-Muraz","CH","VS","6153",7750
"6156","Troistorrents","CH","VS","6153",4256
"6215","Massongex","CH","VS","6153",1685
"6248","Sierre","CH","VS","6248",15945
"6235","Chippis","CH","VS","6248",1667
"6241","Miège","CH","VS","6248",1326
"6249","Venthône","CH","VS","6248",1208
"6250","Veyras","CH","VS","6248",1736
"6232","Chalais","CH","VS","6248",3249
"6266","Sion","CH","VS","6266",32167
"6263","Grimisuat","CH","VS","6266",2976
"6265","Savièse","CH","VS","6266",6939
"6021","Ardon","CH","VS","6266",2842
"6023","Conthey","CH","VS","6266",8054
"6025","Vétroz","CH","VS","6266",5190
"6024","Nendaz","CH","VS","6266",6005
"6081","Les Agettes","CH","VS","6266",330
"6082","Ayent","CH","VS","6266",3734
"6084","Hérémence","CH","VS","6266",1401
"6087","Saint-Martin (VS)","CH","VS","6266",883
"6089","Vex","CH","VS","6266",1642
"6090","Mont-Noble","CH","VS","6266",922
"6238","Grône","CH","VS","6266",2275
"6239","Icogne","CH","VS","6266",538
"6246","Saint-Léonard","CH","VS","6266",2171
"6261","Arbaz","CH","VS","6266",1109
"6267","Veysonnaz","CH","VS","6266",568
"6421","La Chaux-de-Fonds","CH","NE","6421",38267
"6436","Le Locle","CH","NE","6421",10208
"435","La Ferrière","CH","BE","6421",557
"6422","Les Planchettes","CH","NE","6421",228
"6423","La Sagne","CH","NE","6421",953
"6431","Les Brenets","CH","NE","6421",1100
"6434","Le Cerneux-Péquignot","CH","NE","6421",322
"6435","La Chaux-du-Milieu","CH","NE","6421",463
"FR_25321","Villers-le-Lac","FR","FR431","6421",4424
"FR_25148","La Chenalotte","FR","FR431","6421",378
"6458","Neuchâtel","CH","NE","6458",33474
"6407","Corcelles-Cormondrèche","CH","NE","6458",4662
"6412","Peseux","CH","NE","6458",5745
"6454","Hauterive (NE)","CH","NE","6458",2599
"6459","Saint-Blaise","CH","NE","6458",3258
"6461","La Tène","CH","NE","6458",4845
"6402","Bevaix","CH","NE","6458",3807
"6404","Boudry","CH","NE","6458",5052
"6408","Cortaillod","CH","NE","6458",4615
"6413","Rochefort","CH","NE","6458",1081
"6416","Milvignes","CH","NE","6458",8912
"6451","Cornaux","CH","NE","6458",1571
"6452","Cressier (NE)","CH","NE","6458",1923
"6453","Enges","CH","NE","6458",257
"6455","Le Landeron","CH","NE","6458",4434
"6456","Lignières","CH","NE","6458",962
"6485","Valangin","CH","NE","6458",444
"6621","Genève","CH","GE","6621",189033
"6607","Bernex","CH","GE","6621",9640
"6608","Carouge (GE)","CH","GE","6621",20375
"6612","Chêne-Bougeries","CH","GE","6621",10530
"6613","Chêne-Bourg","CH","GE","6621",8072
"6616","Collonge-Bellerive","CH","GE","6621",7519
"6617","Cologny","CH","GE","6621",4830
"6618","Confignon","CH","GE","6621",4307
"6623","Le Grand-Saconnex","CH","GE","6621",11847
"6628","Lancy","CH","GE","6621",28909
"6630","Meyrin","CH","GE","6621",21718
"6631","Onex","CH","GE","6621",17851
"6633","Plan-les-Ouates","CH","GE","6621",10250
"6636","Puplinge","CH","GE","6621",2041
"6640","Thônex","CH","GE","6621",13587
"6641","Troinex","CH","GE","6621",2236
"6642","Vandoeuvres","CH","GE","6621",2578
"6643","Vernier","CH","GE","6621",33744
"6645","Veyrier","CH","GE","6621",10215
"FR_74008","Ambilly","FR","FR718","6621",5881
"FR_74305","Ville-la-Grand","FR","FR718","6621",7627
"FR_74118","Étrembières","FR","FR718","6621",1857
"FR_74133","Gaillard","FR","FR718","6621",11144
"FR_74298","Vétraz-Monthoux","FR","FR718","6621",6470
"FR_74012","Annemasse","FR","FR718","6621",31293
"5705","Bogis-Bossey","CH","VD","6621",875
"5707","Chavannes-de-Bogis","CH","VD","6621",1097
"5711","Commugny","CH","VD","6621",2756
"5712","Coppet","CH","VD","6621",3076
"5716","Eysins","CH","VD","6621",1352
"5717","Founex","CH","VD","6621",3429
"5721","Gland","CH","VD","6621",11693
"5723","Mies","CH","VD","6621",1908
"5724","Nyon","CH","VD","6621",19170
"5725","Prangins","CH","VD","6621",3935
"5729","Tannay","CH","VD","6621",1522
"5732","Vich","CH","VD","6621",743
"6644","Versoix","CH","GE","6621",12879
"FR_01160","Ferney-Voltaire","FR","FR711","6621",7965
"FR_01313","Prévessin-Moëns","FR","FR711","6621",5640
"FR_01071","Cessy","FR","FR711","6621",3819
"FR_01173","Gex","FR","FR711","6621",9882
"5429","Longirod","CH","VD","6621",414
"5430","Marchissy","CH","VD","6621",448
"5434","Saint-George","CH","VD","6621",941
"5701","Arnex-sur-Nyon","CH","VD","6621",197
"5702","Arzier","CH","VD","6621",2392
"5703","Bassins","CH","VD","6621",1256
"5704","Begnins","CH","VD","6621",1617
"5706","Borex","CH","VD","6621",879
"5708","Chavannes-des-Bois","CH","VD","6621",797
"5709","Chéserex","CH","VD","6621",1211
"5710","Coinsins","CH","VD","6621",397
"5713","Crans-près-Céligny","CH","VD","6621",2108
"5714","Crassier","CH","VD","6621",1088
"5715","Duillier","CH","VD","6621",1057
"5718","Genolier","CH","VD","6621",1818
"5719","Gingins","CH","VD","6621",1213
"5720","Givrins","CH","VD","6621",965
"5722","Grens","CH","VD","6621",367
"5726","La Rippe","CH","VD","6621",1065
"5727","Saint-Cergue","CH","VD","6621",2155
"5728","Signy-Avenex","CH","VD","6621",455
"5730","Trélex","CH","VD","6621",1400
"5731","Le Vaud","CH","VD","6621",1244
"5852","Bursinel","CH","VD","6621",453
"5853","Bursins","CH","VD","6621",748
"5855","Dully","CH","VD","6621",562
"5857","Gilly","CH","VD","6621",996
"5858","Luins","CH","VD","6621",596
"5859","Mont-sur-Rolle","CH","VD","6621",2547
"5861","Rolle","CH","VD","6621",5921
"5863","Vinzel","CH","VD","6621",341
"6601","Aire-la-Ville","CH","GE","6621",1108
"6602","Anières","CH","GE","6621",2265
"6603","Avully","CH","GE","6621",1771
"6604","Avusy","CH","GE","6621",1443
"6605","Bardonnex","CH","GE","6621",2220
"6606","Bellevue","CH","GE","6621",3200
"6609","Cartigny","CH","GE","6621",867
"6610","Céligny","CH","GE","6621",623
"6611","Chancy","CH","GE","6621",1129
"6614","Choulex","CH","GE","6621",1085
"6615","Collex-Bossy","CH","GE","6621",1652
"6619","Corsier (GE)","CH","GE","6621",1917
"6620","Dardagny","CH","GE","6621",1498
"6622","Genthod","CH","GE","6621",2691
"6624","Gy","CH","GE","6621",480
"6625","Hermance","CH","GE","6621",965
"6626","Jussy","CH","GE","6621",1182
"6627","Laconnex","CH","GE","6621",605
"6629","Meinier","CH","GE","6621",2012
"6632","Perly-Certoux","CH","GE","6621",2993
"6634","Pregny-Chambésy","CH","GE","6621",3530
"6635","Presinge","CH","GE","6621",627
"6637","Russin","CH","GE","6621",485
"6638","Satigny","CH","GE","6621",3874
"6639","Soral","CH","GE","6621",718
"FR_01078","Challex","FR","FR711","6621",1174
"FR_01109","Collonges","FR","FR711","6621",1821
"FR_01158","Farges","FR","FR711","6621",840
"FR_01209","Léaz","FR","FR711","6621",529
"FR_01288","Péron","FR","FR711","6621",2032
"FR_01308","Pougny","FR","FR711","6621",781
"FR_01360","Saint-Jean-de-Gonville","FR","FR711","6621",1493
"FR_01281","Ornex","FR","FR711","6621",3344
"FR_01354","Saint-Genis-Pouilly","FR","FR711","6621",8627
"FR_01397","Sauverny","FR","FR711","6621",1083
"FR_01401","Sergy","FR","FR711","6621",1842
"FR_01419","Thoiry","FR","FR711","6621",5031
"FR_01435","Versonnex","FR","FR711","6621",2089
"FR_01103","Chevry","FR","FR711","6621",1217
"FR_01135","Crozet","FR","FR711","6621",1839
"FR_01143","Divonne-les-Bains","FR","FR711","6621",7926
"FR_01153","Échenevex","FR","FR711","6621",1596
"FR_01180","Grilly","FR","FR711","6621",736
"FR_01247","Mijoux","FR","FR711","6621",380
"FR_01399","Ségny","FR","FR711","6621",1593
"FR_01436","Vesancy","FR","FR711","6621",523
"FR_74087","Contamine-sur-Arve","FR","FR718","6621",1586
"FR_74122","Faucigny","FR","FR718","6621",494
"FR_74162","Marcellaz","FR","FR718","6621",774
"FR_74209","Peillonnex","FR","FR718","6621",1378
"FR_74018","Arenthon","FR","FR718","6621",1462
"FR_74059","La Chapelle-Rambaud","FR","FR718","6621",219
"FR_74090","Cornier","FR","FR718","6621",1210
"FR_74174","Mégevette","FR","FR718","6621",517
"FR_74240","Saint-Jean-de-Tholome","FR","FR718","6621",874
"FR_74284","La Tour","FR","FR718","6621",1218
"FR_74304","Ville-en-Sallaz","FR","FR718","6621",691
"FR_74311","Viuz-en-Sallaz","FR","FR718","6621",3859
"FR_74094","Cranves-Sales","FR","FR718","6621",5310
"FR_74145","Juvigny","FR","FR718","6621",641
"FR_74153","Lucinges","FR","FR718","6621",1535
"FR_74158","Machilly","FR","FR718","6621",963
"FR_74229","Saint-Cergues","FR","FR718","6621",3114
"FR_74009","Andilly","FR","FR718","6621",768
"FR_74052","Cernex","FR","FR718","6621",876
"FR_74088","Copponex","FR","FR718","6621",814
"FR_74177","Menthonnex-en-Bornes","FR","FR718","6621",882
"FR_74228","Saint-Blaise","FR","FR718","6621",272
"FR_74259","Le Sappey","FR","FR718","6621",374
"FR_74313","Vovray-en-Bornes","FR","FR718","6621",348
"FR_74066","Chavannaz","FR","FR718","6621",185
"FR_74071","Chessenaz","FR","FR718","6621",174
"FR_74077","Clarafond-Arcine","FR","FR718","6621",880
"FR_74086","Contamine-Sarzin","FR","FR718","6621",561
"FR_74168","Marlioz","FR","FR718","6621",668
"FR_74184","Minzier","FR","FR718","6621",834
"FR_74291","Vanzy","FR","FR718","6621",294
"FR_74015","Arbusigny","FR","FR718","6621",978
"FR_74128","Fillinges","FR","FR718","6621",3090
"FR_74185","Monnetier-Mornex","FR","FR718","6621",2163
"FR_74193","La Muraz","FR","FR718","6621",965
"FR_74197","Nangy","FR","FR718","6621",1504
"FR_74211","Pers-Jussy","FR","FR718","6621",2563
"FR_74220","Reignier-Esery","FR","FR718","6621",6589
"FR_74262","Scientrier","FR","FR718","6621",1036
"FR_74016","Archamps","FR","FR718","6621",1865
"FR_74031","Beaumont","FR","FR718","6621",2076
"FR_74044","Bossey","FR","FR718","6621",707
"FR_74069","Chênex","FR","FR718","6621",568
"FR_74074","Chevrier","FR","FR718","6621",395
"FR_74082","Collonges-sous-Salève","FR","FR718","6621",3572
"FR_74101","Dingy-en-Vuache","FR","FR718","6621",615
"FR_74124","Feigères","FR","FR718","6621",1457
"FR_74144","Jonzier-Épagny","FR","FR718","6621",694
"FR_74201","Neydens","FR","FR718","6621",1486
"FR_74216","Présilly","FR","FR718","6621",679
"FR_74243","Saint-Julien-en-Genevois","FR","FR718","6621",11598
"FR_74260","Savigny","FR","FR718","6621",723
"FR_74288","Valleiry","FR","FR718","6621",3081
"FR_74296","Vers","FR","FR718","6621",668
"FR_74309","Viry","FR","FR718","6621",3512
"FR_74314","Vulbens","FR","FR718","6621",930
"FR_74285","Usinens","FR","FR718","6621",360
"FR_74021","Arthaz-Pont-Notre-Dame","FR","FR718","6621",1272
"FR_74040","Bonne","FR","FR718","6621",2630
"FR_74037","Boëge","FR","FR718","6621",1611
"FR_74050","Burdignin","FR","FR718","6621",601
"FR_74139","Habère-Lullin","FR","FR718","6621",808
"FR_74140","Habère-Poche","FR","FR718","6621",1193
"FR_74226","Saint-André-de-Boëge","FR","FR718","6621",587
"FR_74261","Saxel","FR","FR718","6621",376
"FR_74301","Villard","FR","FR718","6621",740
"FR_74025","Ballaison","FR","FR718","6621",1295
"FR_74043","Bons-en-Chablais","FR","FR718","6621",4793
"FR_74048","Brenthonne","FR","FR718","6621",872
"FR_74070","Chens-sur-Léman","FR","FR718","6621",1822
"FR_74105","Douvaine","FR","FR718","6621",4876
"FR_74121","Excenevex","FR","FR718","6621",988
"FR_74126","Fessy","FR","FR718","6621",759
"FR_74150","Loisin","FR","FR718","6621",1393
"FR_74156","Lully","FR","FR718","6621",655
"FR_74171","Massongy","FR","FR718","6621",1347
"FR_74180","Messery","FR","FR718","6621",2053
"FR_74199","Nernier","FR","FR718","6621",450
"FR_74293","Veigy-Foncenex","FR","FR718","6621",3430
"FR_74315","Yvoire","FR","FR718","6621",820
"FR_74263","Sciez","FR","FR718","6621",5269
"6711","Delémont","CH","JU","6711",11809
"6709","Courroux","CH","JU","6711",3134
"6721","Rossemaison","CH","JU","6711",585
"6702","Boécourt","CH","JU","6711",885
"6704","Châtillon (JU)","CH","JU","6711",452
"6705","Corban","CH","JU","6711",462
"6706","Courchapoix","CH","JU","6711",421
"6708","Courrendlin","CH","JU","6711",2595
"6710","Courtételle","CH","JU","6711",2459
"6712","Develier","CH","JU","6711",1394
"6715","Mervelier","CH","JU","6711",527
"6716","Mettembert","CH","JU","6711",114
"6719","Pleigne","CH","JU","6711",381
"6724","Soyhières","CH","JU","6711",483
"6730","Val Terbi","CH","JU","6711",2612
"FR_68190","Lucelle","FR","FR422","6711",42
